"","Gene.name","logFC","logCPM","PValue"
"1","MEGF9",1.63860570104358,6.589375879938,2.96864797748797e-06
"2","IGHG1",3.0458766200835,5.78837417844935,1.19250095573291e-08
"3","IGHM",1.79448044930068,7.90911417204104,8.01804757485022e-08
"4","IGLC2",2.71403233620196,5.46350393418669,2.46741138138161e-19
"5","CSF2RB",2.52154845674219,4.99952983074979,7.13243573568802e-10
"6","VCAN",1.82784371106298,8.76154653547432,5.57831421168475e-06
"7","S100A8",5.13527134883278,13.9196351667279,1.00765981164709e-17
"8","KCTD12",1.32861490663092,5.69439122446916,0.000133028792291566
"9","GK5",-1.03415052629554,5.06101855697841,4.96268160475483e-08
"10","GLIPR2",1.07694140918087,7.00795287050258,1.79219419128902e-08
"11","APLP2",1.19733115042502,8.1052134409725,5.27360332951808e-07
"12","TKT",1.13215838318353,8.54439094412284,1.38247262550269e-05
"13","CORO1C",1.3527958200283,5.61638376919566,2.97460129545727e-10
"14","ISG15",1.90186125267334,6.95328880948983,2.54474262978728e-09
"15","SERF2",1.10729428795097,10.416680081723,0.0054237572172193
"16","IGLV2-23",2.21767970865749,4.46829181428697,0.000823853152719163
"17","RGL1",1.36614547418833,1.91428494683454,6.35590940110029e-05
"18","TYMP",1.3462881633778,7.74913655608261,2.72985064499576e-06
"19","S100A9",3.21338903751553,11.950506116064,1.3794493316655e-14
"20","MX1",2.08316421283808,6.86853972231919,1.40968097826847e-11
"21","ZYX",1.32768636346023,8.30865905429785,0.00363731169062526
"22","IGHG4",5.05692558754197,4.60144383434971,1.12852265994703e-13
"23","IGHV3-23",1.50021628864856,4.95141684635681,0.0015740817733878
"24","UBE2J1",1.18179753109519,7.15122508368159,2.10699640789376e-09
"25","TMEM154",1.54360978926007,6.31928865795804,2.91129310204931e-07
"26","HIST1H2BK",2.53430012361384,5.69497350578804,2.47555765188108e-14
"27","KIAA0319",2.09995436611866,0.169590947576697,0.000424877629973247
"28","IPO11",1.02532511248718,3.66542167563111,5.38437729189747e-05
"29","IFI44L",3.78336875159731,6.07628069384853,3.78457149741036e-14
"30","SNED1",-1.09826951001554,3.02320439157976,0.000346117930745995
"31","IGHA1",2.0933027931654,5.10358192701824,3.89544649436576e-10
"32","IGHV1-24",2.02099482890216,2.77221039759048,0.00287104250375808
"33","RAB31",2.11616902623265,6.99769012073375,1.95470630779558e-15
"34","CSTA",1.66726845610691,6.96376288643565,0.000754967912265372
"35","TLN1",1.05777905659667,9.03256423314381,5.93374977962389e-05
"36","PLXDC2",1.20698627622849,5.69792647319677,8.77708722516668e-08
"37","IFITM2",3.40287923486032,11.3855208612167,1.05837643118391e-09
"38","SYTL3",-1.08618837602303,6.94287664070825,0.00464303853886474
"39","ACTB",1.30248377457567,12.9233191237089,0.00837629797132955
"40","COTL1",1.05973296401254,9.48027489888973,0.00330149012250461
"41","FAM198B",1.68614586081359,3.794320764469,1.42483307846119e-05
"42","XAF1",1.63350469915599,7.61122746430831,3.56525968131287e-05
"43","FCGR2A",2.60726805732063,6.42600462908013,2.7354827587151e-15
"44","OAS3",2.76499443127806,5.89153401209798,3.09007481786959e-09
"45","LAMP2",1.32996816693006,6.01051226899506,3.09498077753539e-11
"46","LST1",1.79377157942986,8.41342640166861,1.26511876158975e-05
"47","FCGR1A",3.17774941319545,4.94522663026102,9.88053678067915e-16
"48","NCF2",1.73773092877442,7.29091483686637,2.02869381978661e-11
"49","IFI27",8.1574059963993,7.06774366220863,5.95746534059852e-39
"50","IFITM3",3.77566538950918,10.4216570778949,4.86282540286634e-14
"51","HCK",1.50689950458765,6.5433156714265,1.36648927816632e-06
"52","CYBB",1.2302382216245,7.56442485826799,0.00032287856913384
"53","OAZ1",1.2785697330742,10.561556519724,6.32709959976031e-05
"54","HPSE",2.1519398490819,4.532107602397,1.59470513250202e-15
"55","CTSZ",1.1058139231829,5.89688449564581,9.18852527042542e-09
"56","RPL3",-1.06397573073718,11.9261683401011,0.000183807059484369
"57","MYL12A",1.08084030210534,10.0968788265019,0.00496786675278504
"58","OAS1",1.68231259488459,5.60960498523817,1.93654708818365e-07
"59","LBH",-1.0369790477181,7.72711089254996,1.54354480731779e-05
"60","IFIT3",3.53279695626669,6.46718712834135,1.57967483051057e-13
"61","ATP6V0B",1.14174057597631,7.93112258901114,0.00106099553487997
"62","IGHG2",3.15313347459093,4.94936955877607,3.01898692016868e-12
"63","IGLV1-47",2.10485131948203,4.10785329310472,0.00178170028533404
"64","SELL",1.08938362193169,9.02116603072983,4.07125297402107e-08
"65","CD14",1.40259734236877,7.26854992890506,7.54129657325929e-06
"66","FAM129A",1.27380787795426,6.97501012805015,1.78520478116214e-05
"67","SOD2",1.75152860685087,8.52607836846766,4.19690384412039e-05
"68","FCGR3B",3.02431659145976,7.83760996209903,5.67334936895052e-06
"69","CLEC12A",1.58093973948024,5.62156742138911,9.73111615677773e-09
"70","CD63",1.43161634407066,7.88180806512152,4.57740285823166e-09
"71","IGLC3",2.71426829150909,7.18505902204656,8.77790518092366e-07
"72","RNASE2",3.68848476587004,4.44948427519273,1.52313043813298e-20
"73","P4HA2",1.56843981563641,0.418060930969901,0.00164627465726139
"74","GNAQ",1.21405295221155,5.71957018847441,1.65142016506934e-06
"75","CHST2",-1.02356723828217,4.74530360790213,0.000785441898276098
"76","CAPG",1.14247029261856,6.24683309948494,0.000104982207153335
"77","RTN3",1.30966105783478,6.81528524186391,5.18138547455941e-09
"78","AIF1",1.15589788149828,8.54596059801966,0.000623254193176914
"79","NFE2",2.87205680242628,5.91183210374961,1.10067630142883e-07
"80","LIMS1",1.18554645395861,7.52576413748514,3.95289911445603e-05
"81","PERP",-1.28377388844922,3.49542389361678,0.00213804103311755
"82","EGR1",1.20117280714362,5.63193214135148,0.00024706146348447
"83","TRIB1",2.49196000980821,5.40475255394955,3.03197056588391e-14
"84","HIST1H2AI",2.17659704083466,1.89721398390855,9.08582797655346e-11
"85","EVI2B",1.33166371105815,7.21513879820134,2.3390880936746e-06
"86","MYBL2",1.49407141457539,1.50906657726135,0.000398276973017631
"87","IGHG3",2.65521405077041,4.43059479264642,2.24366753592076e-12
"88","CDC6",1.66123278529115,0.73443586337655,7.77496760822338e-05
"89","ASAP1",1.03483817124657,5.73393685017436,4.42579869475891e-06
"90","DAP",1.10244763558682,6.05971883851881,9.45311959042279e-06
"91","HIST1H1B",1.85546546923954,2.63825709771804,1.85445783990052e-13
"92","GLDC",1.73586477403156,-0.335782188462683,0.00417228478212131
"93","B3GNT7",-1.82804085012826,3.0999758312944,7.57491532121649e-05
"94","TLR1",1.32555808063653,4.43783711207239,6.8052868904792e-07
"95","GPR132",-1.01925955712969,4.6050996013368,0.00493056480174329
"96","SULT1B1",2.28628885716654,4.24969936528655,1.2468567790515e-09
"97","CHPT1",1.63780025842734,4.70097285007188,3.18272345773607e-07
"98","MZB1",1.93125762268305,3.76697023007005,1.41094651263445e-16
"99","PGD",2.35988848236249,7.50376151266663,1.17082047307117e-12
"100","FLOT1",1.22385606188313,7.02416290425696,6.84423531987748e-08
"101","GLT1D1",2.86755909015879,4.47192949513983,7.20419005396578e-18
"102","CD163",3.59590047899937,6.0157044658536,1.28613737334417e-19
"103","HAL",1.93471134430324,3.02927682356504,1.29436404111898e-05
"104","PDE3A",2.00195957859871,1.30310881797379,0.00182490747445565
"105","LILRA5",3.11496440476226,6.69971341309197,8.29467637787668e-12
"106","TRIM7",1.28730003252711,1.9145007274688,0.000229750402510765
"107","MTURN",1.26875451773796,4.3512313917361,1.3464087404259e-06
"108","ALOX5AP",2.32206068596041,8.40971394156705,1.2953521011508e-06
"109","MYL6",1.21777082560918,10.6117560170715,5.52086506705358e-05
"110","HIST1H2BN",1.25273425932643,3.22767470987243,0.00241572020542616
"111","STAB1",1.4704334362887,4.08996739130261,4.2505713374874e-05
"112","TRIQK",1.47249304108476,2.69930659734082,1.92692269738608e-05
"113","ARHGEF11",1.06308015307069,3.18743426174754,0.00085422145518071
"114","RBM47",1.80944992879705,5.06032267602365,3.49831665463498e-11
"115","DYSF",3.60189547527118,5.48371189864044,1.46477825229311e-24
"116","IDH1",1.17030423014701,3.9914809138035,3.61172383425961e-09
"117","CDK2AP1",1.52307425847444,2.99394142403739,5.90947697310096e-05
"118","HMGB2",1.89556269933771,7.88523720610839,7.85937982429226e-12
"119","LAMTOR4",1.32983685528497,8.28806911752349,0.000580448636719557
"120","CD5",-1.00382882050355,6.79328397369579,0.000312405871391702
"121","HIST1H1C",1.72454514469688,6.65784769555342,9.60077540555457e-12
"122","ATP11A",1.00594494542878,4.75864591253028,0.000392145521321464
"123","S100A4",1.66370835197455,11.206635977241,0.00158101630762657
"124","NEAT1",2.38481060862183,10.1402135677244,1.35753493322004e-09
"125","IGHV3OR16-13",3.12779025807586,-1.06673570956584,0.00484953693412043
"126","RSAD2",4.17952075590599,5.67700739394214,1.90324335500433e-15
"127","HP",6.25786633776358,5.48932231800696,1.24823400249037e-21
"128","FSTL1",2.53276696852588,2.58779480183192,2.94654560538882e-05
"129","NCAPG",1.52620973397833,0.639636326478456,8.99094370442335e-05
"130","GRINA",1.62428026053348,7.27562810645971,0.00124939276602341
"131","RASGRP4",2.0713499567944,4.13072403644475,5.53115288525659e-07
"132","GMFG",1.20463148099403,9.18770747703668,0.00011222800861122
"133","GRN",1.47254753331242,7.54802248876083,3.5184772621385e-12
"134","GNLY",-1.12302109059511,10.7663467969093,0.00269020241743899
"135","LDLR",1.13923865327998,4.56569464299076,3.1551288059314e-05
"136","H2AFJ",1.59322051683834,6.77504983718398,0.000320955293825789
"137","MITF",1.62780938220229,2.88654768119268,8.18885241782389e-06
"138","SNN",1.41486712513246,5.51995529890202,2.86848551544334e-07
"139","RGS2",1.19920007702303,7.45316089579179,1.80215680842175e-05
"140","P2RX1",2.16756289423793,4.77085590024919,2.75813385595933e-13
"141","FAR2",1.12681002877762,2.70800698644414,1.28663408346953e-05
"142","IGLV1-44",1.83608268913471,4.5681220512249,0.00349102239947693
"143","PPBP",2.90480404790475,9.88174488976971,0.000132255280866242
"144","ANPEP",1.55008180749776,5.79669163905194,0.000290235106551967
"145","DEFA3",4.35484952353115,1.89412766755054,6.62581158024096e-05
"146","SKAP2",1.29969076198436,6.30175561071063,7.65378396359512e-07
"147","HIST1H2AC",2.01390761060276,7.87161090734418,0.000682726052266624
"148","GIMAP7",-1.62570271067126,8.44132912380079,8.21168061320446e-08
"149","SEC14L1",1.24955004107995,6.74373359311934,1.02714321939643e-06
"150","NFIL3",2.35018691798033,5.15972918146573,8.15022266084784e-12
"151","GLRX",1.05765057051775,7.22528731334049,2.56871181215851e-05
"152","SCN1B",2.03520309799513,3.68358727691273,0.000102260580436132
"153","LIMK2",1.48277036618437,5.20916443965973,3.01295621073834e-09
"154","MEF2C-AS1",1.08526016826988,1.47405689621899,0.00133326478631294
"155","IL1R2",6.95140745124749,7.52023067399588,1.64052004344872e-21
"156","IGKV1-39",1.65237039720336,1.2358427228767,0.00435899518412716
"157","TECPR2",1.27011999621994,4.329087979369,8.9347735625105e-07
"158","LPCAT2",1.87551090273421,4.10222955647623,6.55785152017812e-10
"159","FOLR3",5.55289582554376,6.46115542194774,2.0760181123448e-13
"160","SCO2",1.63095780605167,4.83703999001337,0.000985292531673386
"161","STX3",2.11883637479448,5.16768890867889,1.99076123745369e-12
"162","CR1",2.80795409915925,4.9838662345924,1.637942328014e-20
"163","RHOB",1.35290459523425,5.99605194977587,3.21503863406496e-06
"164","MOB1B",1.18101360661094,4.63102621621342,3.00979168194433e-07
"165","OTOF",5.09937476971491,2.97574633818689,1.0575737765149e-13
"166","IRF8",1.23004821427696,6.17075869882807,1.01965305630649e-06
"167","PAFAH2",-1.11165523827003,4.39609577859586,2.69747512649581e-05
"168","CPD",1.02235279005942,6.01583563251179,2.57388884723175e-06
"169","IGHV1-18",1.89455223361908,4.40289502511551,0.00244942308907476
"170","DHCR24",1.17349729450538,2.9734837903545,0.00248353966376907
"171","SAT1",1.73625553555793,10.1319941235885,5.23718779131874e-05
"172","SLC6A4",1.08931607221542,1.56534512676769,0.00100282184070157
"173","MSRB1",2.65864948569478,6.1646619626518,1.35170979745644e-15
"174","DDX60L",1.38221850263273,6.19219843046968,1.55916997607343e-07
"175","REPS2",2.57284700298124,3.20502491151057,1.7672832194408e-07
"176","TM6SF1",1.6063373364177,3.65802909856866,3.29694868720029e-06
"177","LINC00937",1.87894945795051,3.95927416009835,2.04764359684566e-05
"178","ANO6",1.1804949029012,5.97822142716485,4.50435682412876e-10
"179","SNX3",1.2768274656192,7.74570338025216,0.000103893332560179
"180","CPEB4",1.09255215191739,5.23247689246189,3.73388776848017e-06
"181","TK1",2.07479018693969,1.00059063637891,5.67545215684496e-09
"182","C4orf3",1.01929701002417,8.13776234126624,0.000398336383830821
"183","TXNDC17",1.03665668785666,5.9452170662665,0.00153436967702659
"184","S100A12",4.68289552134177,10.3906594654661,4.50235507191068e-14
"185","HECW2",1.411384403632,1.08829865025068,0.000191508124411644
"186","DAPK2",1.43825625288297,3.26594375341257,9.86628033736732e-06
"187","FAM102A",-1.19181652858288,5.90064345169473,1.52862442977796e-06
"188","MYLK",2.45399970063543,4.88832117918682,1.82405455104024e-07
"189","DENND3",1.23631372227686,5.80199235641679,1.27753772551386e-06
"190","DUSP3",1.47554126033315,4.44385967369428,6.23948797569123e-12
"191","IRAK3",2.00415994656068,5.78842898088945,1.72534262589684e-11
"192","HBD",4.2286539383929,3.2424019875422,4.62017024681333e-09
"193","KIF11",1.02983146548356,1.24080763700591,0.00280659726012437
"194","GSN",2.31100924533938,6.00291928309085,4.19323652598157e-13
"195","PDE2A",2.12288914113672,1.44560430110731,4.66003150012702e-07
"196","ITM2B",1.29879407721663,10.1849905212596,0.000462393088343013
"197","RAB27B",1.6878216184293,5.20422907764447,3.5166967851539e-06
"198","SPARC",2.56634115133934,7.15451281325389,2.85945347907473e-05
"199","EGLN3",1.52136700178436,2.3627970203635,9.11673616180982e-05
"200","NT5M",1.67643502764306,2.25524262201971,1.31930709412394e-05
"201","DIAPH3",1.59398176713787,-0.844806299419388,0.00393484827660717
"202","FBXL5",1.02530874141012,6.76168404750575,7.20034036571766e-08
"203","TPM1",2.73082136422105,5.86494548110354,1.19465343266438e-10
"204","IGHA2",1.63336723062176,3.13996494445867,1.44779682520118e-05
"205","KIF2C",1.66377683296439,-0.0560208730130777,0.00433287051530814
"206","FBLN7",-1.51490266280103,3.91876825355545,0.000457462520975163
"207","MKI67",2.34810239098652,2.82551750661562,1.24623502408869e-07
"208","ARRDC2",-1.04426045530148,6.03640884923897,8.17886998226517e-07
"209","BST1",2.35093506820529,5.02450662896996,6.66675987292664e-11
"210","GNB4",1.15466071486294,4.21206723366386,5.89786429126839e-07
"211","S100A6",2.00235287271293,11.3107863656637,4.18361595512539e-05
"212","RETN",2.09943734885072,4.40254448953246,5.56186233922515e-05
"213","RNF24",1.8662886714347,5.64273526974259,4.67653006451806e-15
"214","CCR3",1.62343847860823,0.0571813025900911,0.00710388060902044
"215","STEAP4",3.62177126583316,4.4492385955261,1.15852567972252e-07
"216","VSTM4",1.85463260890476,0.886494006329205,0.000692463603530714
"217","ITGB3",2.75001762180041,5.10698823698001,1.32169461773583e-05
"218","GMPR",2.48171476939336,4.8387739051334,4.82041788575282e-05
"219","ITGA7",3.80491832558079,1.68307149184303,6.58469082514177e-09
"220","SLC19A1",1.64338744069313,3.39990685034289,5.24199424064714e-07
"221","SLC22A16",2.14866426102554,0.0452808128655544,5.68198274454717e-05
"222","IFI6",2.02032017554942,6.77488257323866,3.38778189354183e-09
"223","HERC6",1.19492323913502,4.55261579342384,0.000162519537538464
"224","LYN",1.10319323433696,7.90634025935469,2.69908962518688e-06
"225","CTNNA1",1.05635772128063,5.46846731764263,3.71722343764343e-07
"226","LRRC25",1.22813531174574,5.41616137413623,0.000139468341195634
"227","CD302",1.30680110912819,4.66453979169079,0.00138818032903895
"228","ABCA1",1.60248029609642,4.83681544553322,0.000113569886174336
"229","DLEU2",1.06550313360033,3.79608092763223,0.000242667161828585
"230","F13A1",2.44483388340818,6.82907026626004,7.42297936127337e-07
"231","MARCH1",1.11699710228483,5.75574530293588,0.000302859663549645
"232","NPL",2.071308323749,4.33224204853854,1.16074443508342e-12
"233","NAMPT",2.81667230552502,8.30616302876852,3.5376060867357e-10
"234","C1orf162",1.34405203081717,7.45200673721617,5.91266968382747e-05
"235","CD1D",1.14402656940639,4.16063643422028,0.00229187048394318
"236","TSPO",2.02008405719256,9.08639839229372,7.36311243683857e-08
"237","CTSB",1.01794328662177,7.65239845534882,3.57758569450303e-07
"238","ACTN1",1.34112311153134,7.43691272067535,6.23084144492067e-06
"239","CEACAM3",3.84092436673771,3.54105611862564,1.90766104708985e-11
"240","SERPINA1",1.95904374959346,8.13428185020114,2.05423321060767e-07
"241","IGKV2D-28",1.61236337775923,1.23596658280321,9.65948589037275e-05
"242","HSPA1B",1.08348046838511,3.67047180106779,0.00099340128510726
"243","WDFY3",2.05268990273277,4.05709273702501,5.23643702684517e-10
"244","EMILIN2",1.27100799486927,5.80148509137607,1.02732479225362e-06
"245","JDP2",2.7311548878808,4.05665044087294,1.96129716874583e-16
"246","SH3PXD2B",1.81544060277893,0.801547661908673,4.95538126932574e-07
"247","PYGL",2.96904043086011,5.9314478257376,1.06204543513833e-12
"248","IL1R1",1.31477434927019,2.20358298147212,0.00648851910217324
"249","B4GALT5",1.79552751921034,5.32418043965871,9.67862662437107e-11
"250","SERPINB1",1.43536565604634,8.25280721552013,1.23838217875374e-07
"251","TSC22D3",1.16129070681755,9.82867993015653,0.00382174109305283
"252","SEPT4",2.21807260604864,2.82448874204015,1.26404211361537e-08
"253","MAP2",1.57042915432791,0.824877812590569,0.00405688992790442
"254","MEFV",1.62101322117467,4.83521758389523,3.74744284945154e-05
"255","NT5C3A",1.10925385183072,6.79724708979922,0.000384246129923617
"256","DERL3",2.05172182092924,2.59073101711622,1.55245299936741e-08
"257","IGHV3-33",2.16826985250149,3.70594019759787,9.79215720517535e-05
"258","TLR2",1.92577642532171,5.54139430584869,3.97824703830012e-09
"259","TP53INP1",1.31981278879825,5.04562398644126,1.13804638406367e-07
"260","TALDO1",1.91994883018371,8.26209417526709,5.32542463996966e-08
"261","FERMT3",1.41427413193229,7.78069393936566,7.29508947408396e-08
"262","ADM",3.23792135774301,4.63428509035147,3.30284709022238e-15
"263","TECR",-1.21240400480162,7.1500567955014,0.00608357245323304
"264","GAS7",1.20833144961642,5.9428394843475,3.18831751403702e-07
"265","SORT1",2.14129881014107,4.71289052963071,5.90370303972877e-10
"266","PDE3B",-1.13110409493685,6.59136549744543,6.52490393493361e-06
"267","CPPED1",2.02412411004902,6.08188430751944,2.43272988185332e-09
"268","HGSNAT",-1.26491998048741,5.18468754292778,7.4352252730478e-05
"269","CALM3",1.04770508486439,8.03143172753387,0.000671840075658435
"270","NDST1",1.68397429420758,3.37996283697409,6.39079090074999e-09
"271","RSU1",1.24968859464861,6.81634925526257,2.94367108108785e-07
"272","ENTPD1",1.53176982133435,5.10708968954928,2.49077274223929e-08
"273","NAIP",2.0556042727242,5.93604115562451,1.56369605247856e-12
"274","GM2A",1.21176714417985,5.11123308225435,2.7721075428005e-06
"275","TNFRSF17",1.55029638649704,0.784791623016444,0.00041898944947908
"276","HIST2H2AA4",2.26849782043655,5.45457475265607,0.000452441870446867
"277","EPSTI1",1.49222929429813,6.22880736358568,2.07470414409112e-11
"278","ANP32A",1.59996226680474,7.96882145801979,3.05998487711418e-08
"279","MICU1",1.13342559910138,5.30390381007231,1.34988334443419e-09
"280","RNASE1",3.79228970587217,2.87547014986925,3.76848178125729e-09
"281","CLEC4D",2.47697890575881,3.27750340628162,1.11545917678725e-09
"282","PARP9",1.5633292571826,6.23930062313373,1.64293328639699e-09
"283","PLBD1",2.85066952231199,6.76982032793417,1.23465561252818e-17
"284","MAP2K6",1.07273497807842,4.33398014586604,0.000633924288915477
"285","DAB2",1.39584258473651,5.13014081641977,4.44012423958221e-05
"286","SAPCD2",1.5105699847818,0.667251056388328,0.000728958864122383
"287","CKAP4",1.60446972911551,6.10617837478363,1.25510259227235e-10
"288","RNF130",1.50028976936677,7.0867681518294,1.44223295606868e-07
"289","MARCO",1.24149260922546,3.22999680336652,0.00104900268784372
"290","USP32",1.06558353962771,5.00578890191132,2.05872178695646e-08
"291","OAS2",1.47760993872482,6.4070121014204,1.7551380389369e-05
"292","AIM2",1.4642097006493,3.51339709538163,6.4877502780629e-05
"293","SMOX",2.13794143179752,4.99055759807692,5.49858454628214e-05
"294","CD151",2.1645718641942,6.11550034864004,1.49386995455118e-08
"295","TPM4",1.42203379670309,8.14952523126546,3.65882146952231e-07
"296","MAPK14",1.06871081302025,6.09510455503842,0.000383773571438477
"297","FGFBP2",-1.10856511095447,8.07791175485723,5.29607285275439e-05
"298","FCER1G",2.09277089033179,9.28570853424547,2.0540463056794e-05
"299","PDGFC",1.54616240354018,2.14895916314329,2.82741132861362e-07
"300","HK2",2.37234571567024,4.26435333947521,2.87941426345125e-12
"301","PRRG4",2.48809815820705,3.32089738770872,1.25679627644569e-19
"302","TUBA8",2.03416417565845,4.12273513246782,0.00725373548022683
"303","IGLV4-69",1.99672488091344,3.11765254987191,0.00360116972175011
"304","MTPN",1.03717329181382,7.90776009185782,0.000480729829633475
"305","CCR7",-1.61725647083552,8.05503143033447,0.000383193958374602
"306","GGT5",2.43311756455333,-0.158981077825517,0.000622510456429899
"307","NUSAP1",1.25124284701052,2.20296567265549,2.67049457850418e-06
"308","PDGFA",1.69743850658453,3.82081569824591,8.50155509264423e-05
"309","STAT4",-1.18449986509833,6.23238712505208,4.6252842406743e-06
"310","SIGLEC1",4.53911533618976,3.72891041223301,5.13432859596758e-13
"311","PF4",2.75477817515759,7.89951683321939,8.58994988964813e-05
"312","YBX3",1.06117813761437,6.07781168058408,9.48412944815945e-08
"313","SEMA4A",1.7966506247628,4.49386968483439,3.47903825358594e-11
"314","LILRA6",2.25548765492044,4.51120397399015,3.33851570800859e-11
"315","KLHL14",1.32549424340775,2.10859786835258,6.7759468241563e-05
"316","MAPK3",1.02840747318064,4.35385947928878,2.29839981481404e-06
"317","TUBB1",2.1138176775579,7.92590056368609,0.000603004642684311
"318","RAB3C",2.31029774837543,0.78186805218774,0.000163852855868987
"319","RUFY1",1.31847394240666,6.5244031651708,4.07390586221717e-06
"320","HIST1H2AL",1.37426094017094,1.37017851863374,0.00574386588335231
"321","VCL",1.4499758004682,7.32670861888834,2.40736980609994e-06
"322","IGHV3-21",1.77939946256423,4.53136820285786,0.00184784388247231
"323","MARCH2",1.72407329943668,5.3608660310468,9.78358487963852e-08
"324","RRM2",1.62981571245879,1.34097809547343,0.000628897841609676
"325","FGD4",1.52739549571662,3.95486307093338,5.94067051166465e-08
"326","CCR2",1.35878290658036,4.1330637676097,0.00206829466174304
"327","CALD1",2.41863359395201,3.57107760161294,2.26088414819625e-09
"328","PROSER2",1.34461378710455,0.961627974347372,0.000757345726179119
"329","NCKIPSD",1.01661520894364,3.41200639305133,1.32762488096305e-05
"330","UPP1",1.26017609322954,7.48788372794365,0.00039605182463806
"331","SH3BGRL2",2.29731719561818,4.46526263978232,5.87529518647134e-06
"332","SAMD9L",1.05023538909361,6.6708987059478,0.0072713858544959
"333","UBALD2",1.44354180926463,6.63794360673916,2.83669734494857e-08
"334","ULK1",1.01411357250226,4.76989717892008,0.000130303917675488
"335","PAPSS1",1.01511245478635,5.04918688941336,1.61594567865739e-06
"336","AKIRIN2",1.04634664564224,6.48089385036956,0.00310425332125616
"337","EIF2AK2",1.15713254894981,6.53796021273569,5.58535498948762e-07
"338","SIRPA",1.76899021042853,5.08491749732713,3.62724059334741e-09
"339","CARD16",1.39574786695142,7.47472372719458,4.35859813776764e-05
"340","SECTM1",1.51095517703865,4.315915470997,5.13793612075035e-05
"341","SIRPB1",2.09257822000965,5.05434406093206,1.73933350037396e-09
"342","LAYN",-2.01357286130756,1.46391912896098,0.000938772749474623
"343","PAK1",1.13540998991219,5.92377370663155,6.09278946588058e-07
"344","LMO2",1.45941907445426,4.60833780191282,2.15513562653604e-05
"345","YWHAH",2.08284014211035,7.06295764226398,2.02690738094118e-10
"346","TLR7",1.34119373621073,2.86352993942586,0.00160264663252565
"347","TRIM22",1.01959131926414,7.36099432556813,1.70237157667042e-11
"348","RGS18",1.81468426055124,7.34520544731412,0.00358665206366384
"349","TYROBP",1.39493849343116,10.2319063546235,0.000339546617857985
"350","MPO",2.70954372465075,1.65397387088992,5.03695837113904e-10
"351","UBXN2B",1.03616108310824,4.49705895698136,1.41119487293414e-07
"352","SLC25A37",3.2459211484967,7.88509093221335,1.06992008165512e-14
"353","TXN",2.5947941461955,8.07432291423672,1.81297444366219e-08
"354","MANSC1",3.95289545508107,2.71612547323006,5.58703235027819e-14
"355","CSF3R",2.70192238917625,7.82007632189245,3.68010246801631e-10
"356","EHD3",1.85653388028946,4.48888390171336,7.83606900739903e-08
"357","IGHV3-15",1.98076162571038,3.33066995368184,5.24463160126317e-05
"358","SRGN",1.18154549525676,10.5655420078243,0.00539386611645453
"359","PFKFB2",1.47911448535546,3.10014955799784,2.7316866962202e-05
"360","N4BP3",-1.73568082265877,3.53001698478011,0.00542434207832142
"361","TPX2",1.66295158345385,1.10482171246821,1.12535267659678e-06
"362","MAP1LC3B",1.26807970227563,7.91578587327682,0.000113096806512494
"363","SLC2A3",1.11610593185435,8.11495938441047,0.00220598018118881
"364","CDKN2B",1.07195931345224,1.30481311569884,0.00023088991312844
"365","IGHV3-53",1.89832925713836,2.91481453680031,0.000992451895070914
"366","PTAFR",1.48904105552465,5.5653365369353,5.17984745636813e-08
"367","NMI",1.15020390226216,6.05049444295221,2.82434458712501e-08
"368","LILRA2",2.0968267389847,5.54934274675829,1.70521375237693e-08
"369","FFAR2",3.36051947132776,5.11402230287049,1.36975115584611e-12
"370","IGKV3D-20",1.7527694364966,1.30454436239499,0.00186596967061632
"371","GCA",3.26882316473511,7.08705311229995,1.48440684544791e-14
"372","GAB1",1.81164538111814,3.13331233618596,3.01367833292488e-08
"373","MKNK1",1.08422315361524,5.23750759742828,2.9056192216496e-08
"374","RALB",1.33052986073495,5.81332709050011,2.9541531430294e-08
"375","PTGS1",2.64213362926381,6.20152992255045,2.43269125783406e-07
"376","POU2AF1",1.07776289409394,4.25898701165483,8.75529939379636e-06
"377","NCF1",2.27480657069723,7.99273222234295,5.14981290343131e-08
"378","GLUL",2.05661064557438,7.63434878829319,1.74734633649671e-16
"379","YPEL4",-1.74736324180359,2.17614668251873,0.00487683921879689
"380","FLVCR2",2.03940538370552,2.63746078701945,2.60736439714141e-16
"381","NUMB",1.15619238776247,6.25020096528353,7.21241562810592e-07
"382","LTB4R",1.56679770338585,4.84601132274377,1.81681361744639e-08
"383","CD36",1.60065622038764,5.85641573537332,0.000123565607174803
"384","FKBP1A",1.05407499496655,7.71788756626027,0.00793256638884715
"385","FAM214B",1.19414948488349,4.49897932079542,5.02953100705256e-07
"386","HRH2",2.78926548000883,5.61990980608415,2.24345012269932e-08
"387","S100A11",2.50360299613701,10.4260371798584,0.000158937799721578
"388","CEBPD",1.71596966205629,7.09165875040923,1.9073186223361e-08
"389","TRIOBP",1.06953798348336,4.3974762948555,5.54300773503159e-06
"390","MAP1A",2.85719374826437,3.9302507359258,2.35772784745698e-17
"391","DDX60",1.02595255017363,5.37457598734717,0.00248428045682347
"392","TSPAN13",1.16759569621201,3.93133411791394,0.000200751301366478
"393","MS4A6A",1.18636466847535,6.52768056331161,0.000323817400212681
"394","STON2",2.05694880491438,3.77666102120367,6.86512081389068e-05
"395","IGHV4-61",1.96707398370389,1.98424186013623,0.000874713592549411
"396","IFI44",2.5038524781293,5.38707590642086,4.00591870210989e-13
"397","RILPL2",1.03449747103243,6.90840752381051,0.000554533860587518
"398","TRAF1",-1.30899589333921,5.25720032839126,1.99089918189518e-05
"399","PLIN2",3.07397480999114,7.61276851722372,1.15718168356619e-10
"400","QPCT",2.61396220666405,4.97374006191851,4.83657623224691e-10
"401","S100Z",1.37194830454291,2.73847000798764,0.000955108890937038
"402","TMEM204",-1.65055331617221,5.13231120187239,2.38580590086991e-05
"403","NOS1AP",1.83586374670184,0.29478145876718,0.00175079131241319
"404","HBA1",2.53245827659443,4.42192128395448,0.000166695523835253
"405","AP5B1",1.79698260499744,5.04614357995024,6.79033536482887e-15
"406","NABP1",1.13256403905296,5.32388688963771,5.99568728316725e-05
"407","PRAM1",1.13866385519098,4.9747819574837,0.000408348514909559
"408","MNDA",2.84755610244491,8.39322601491334,4.85887311681052e-10
"409","NFIB",1.81804413616478,1.69241657922025,0.00462073748718511
"410","SLC44A1",1.08356360862642,4.9630562858545,5.88035691556995e-11
"411","VNN2",2.4673054287301,6.06574361755049,2.25224849488315e-13
"412","CYFIP1",1.08494081235573,4.1130236657611,4.50704255579758e-05
"413","SLC11A1",2.23232228905429,7.22198442996357,4.69677982120621e-10
"414","LILRB2",1.24774336260584,6.48305265443832,1.25170661956529e-07
"415","MFGE8",1.1356982413977,3.64681240523058,0.000830762172306673
"416","BUB1",1.6438294944612,1.12319002079645,1.88030485359632e-06
"417","SEMA4C",-1.31164428110425,3.25066440431912,1.96495866430604e-08
"418","NLRP12",1.99204768416065,3.98511896103191,1.00148565869815e-13
"419","IRS2",1.7145667318738,6.08917012305869,3.67118362745601e-13
"420","HIST2H2BE",2.21680658333031,4.22739932899343,2.82727722399003e-08
"421","FMN1",1.32770616389028,3.35314372697952,0.000163674533040524
"422","MMD",1.8619427093249,6.2257857005196,0.000116119604325647
"423","CDT1",1.21508814023877,0.950140608632731,2.61025079003526e-05
"424","AP3B2",1.6559420306379,0.573641968785229,0.0046780695406946
"425","MCTP1",1.34673607686728,4.61262984263026,2.16188744481734e-08
"426","CEP55",2.18957661536412,0.184759319994975,0.000341497868272439
"427","SLC26A8",3.31093482554594,0.911284025085538,1.95873247317769e-07
"428","CLEC2L",1.93998316353946,-0.841250639831479,0.00770799754157281
"429","TG",1.31878993132903,0.423433600361498,0.0038504201981056
"430","PXK",1.0120882742161,5.57679165295411,5.82832525418797e-07
"431","LILRB5",1.3718724341694,1.38442572861738,0.000383271727278191
"432","APP",1.01120961156408,5.75670588648112,7.27565330641715e-07
"433","FCGR1B",3.39351133289639,3.67396928830129,2.65176446415732e-16
"434","NLRC4",2.01171548375431,3.06975806219472,1.15582986121592e-08
"435","DAPP1",1.21205505449929,5.83676656750421,6.15632526623561e-06
"436","CLU",2.93222700671205,7.58946548142789,1.74438197210041e-07
"437","CEBPB",2.00986425054263,7.17833320860376,3.53651003491735e-08
"438","MX2",1.75721196098293,6.70854956675748,5.09190092803069e-12
"439","MYCT1",2.12782091655986,1.90940165491167,0.000163101227256054
"440","PADI4",2.61436673031679,5.20364587738832,2.01239563577886e-12
"441","IL2RB",-1.25465364348758,7.17356907893156,4.94384716020802e-06
"442","KCNE3",1.64639494110176,4.19400072293685,2.31748833633277e-07
"443","ARHGAP6",2.4563843256347,4.26285459331847,4.36174083710478e-06
"444","C1orf198",1.51929744683058,3.28903434467941,1.26948693432969e-06
"445","LGALSL",1.85679904172478,3.35576205294548,0.000117100990119288
"446","STOM",1.25695656729992,6.78495578589583,1.68274687907634e-06
"447","RHOBTB1",2.50503309178288,2.65089994867946,3.09533660517908e-08
"448","FRMD4B",1.2127966154774,4.27098464879754,3.964091708321e-06
"449","MGLL",2.20176609470378,5.18925387879515,5.30243000213326e-07
"450","CTSA",2.04358990063292,7.52362530076937,7.1561030755677e-09
"451","NRGN",2.43680257847682,7.41473771815978,2.27169146788628e-06
"452","TGFB1I1",3.45814437982994,3.50869601430881,1.7300806414794e-10
"453","SLFN14",1.80778031886943,1.13795829956761,0.00272743307570943
"454","PTGIR",1.22336700892894,3.54056113211321,0.000103460257581003
"455","LANCL3",1.81306053437005,2.30238033433535,4.45155938199088e-08
"456","TNFSF10",1.34593017405803,6.60569900865875,1.77060618118429e-07
"457","NKD1",-2.35203682593952,1.84818852882593,0.000355844526077725
"458","H1F0",1.76005430689618,4.57177655672623,6.17342701702178e-09
"459","IGHV3-11",1.66960294448275,3.34187094281928,0.00085327955751671
"460","CCNB2",1.85039895007971,0.0746873535711813,4.43014894193115e-06
"461","C5orf30",2.25783916523764,3.13656605616264,1.0417699193571e-10
"462","FAM89A",1.25676296397239,2.14006356734636,1.17029046545519e-07
"463","RAB11A",1.11105475834562,7.11337483472068,0.000292051615805319
"464","MRFAP1L1",-1.06699852802348,6.28927566331662,3.06634647344331e-11
"465","IGKV1D-13",2.58038633291504,1.64239527244265,0.00328131146531828
"466","PMEPA1",-2.48751531073144,4.22816088575107,0.000101757063668313
"467","PDCD2L",-1.00742530492235,2.03871457124373,4.64714974873702e-06
"468","TSEN34",1.38899749344087,5.66727841275249,0.000241455358193236
"469","BASP1",2.62609165194202,6.64602005789887,2.48471320173443e-10
"470","STX11",1.09418843614177,5.85475088231488,0.00183185606550281
"471","LRRK2",2.12924685526265,6.2787666551907,1.64873146614221e-07
"472","NEXN",2.97631309533666,5.12498886855301,5.22533682867295e-12
"473","PADI2",3.25926132069011,4.03405634407213,2.30079428198383e-13
"474","PASK",-1.51134227847677,5.63924146767442,2.08729158011224e-05
"475","IGHV4-34",2.05201750075764,5.46393402208582,0.00169108299963234
"476","CCR1",2.14567891798123,4.68357799084213,1.14895207729712e-11
"477","PDCD4",-1.26915533136957,7.9130066511654,3.35555161883273e-05
"478","HIST1H2BJ",2.46446462108727,5.36730232126115,0.000315392664453027
"479","CAMK4",-1.03889098810584,6.97830264053862,0.000132389114227134
"480","TMEM164",1.05057894577221,4.43408957011841,8.24871000695431e-05
"481","SKIL",-1.30048209932082,5.71968953250516,0.00174875269435176
"482","PTPRN2",1.13082850908105,3.46349378083221,0.000319178693214797
"483","HIST1H2BH",2.07952276674252,3.40431686044745,0.00736290212915442
"484","SMARCD3",1.65191982296597,4.09524776695473,3.15411778312858e-11
"485","LEPROT",1.08113104968763,6.00702443689737,1.754920480842e-07
"486","ASPH",1.41913240173735,4.8823893104483,2.92922078982116e-09
"487","ACSL1",2.31582163114895,6.64015566206089,6.11033563968648e-09
"488","PPM1N",1.16212182646799,3.65032632619839,0.0023109893619105
"489","FKBP5",1.30156856580905,7.31684228882726,6.57852294520059e-07
"490","LRG1",3.8931440552438,4.55743404037889,7.42189402505659e-13
"491","ADIPOR1",1.06170079701855,6.94405450050987,0.00516653905931525
"492","MAFB",1.62180537001853,7.01746580226288,0.000880041352610301
"493","CDA",3.82235513444712,6.88319937069422,5.76005846856681e-11
"494","CD93",1.46422374711959,5.78155348531383,2.0013524961192e-07
"495","GPRC5D",1.99317975822585,-2.02752183069497,0.000340335372420304
"496","RAB3D",1.54677485625611,4.44092235587749,3.25192563826062e-06
"497","ALOX12",2.57636269747641,4.2487263884472,6.86692808611129e-06
"498","KCNMB1",1.07297811405623,2.04259235020889,0.000201485542147867
"499","MFSD2B",1.97352655642005,3.2620356161922,2.18542463987459e-06
"500","PLSCR1",1.65809953087185,6.15026912319885,1.37490811663601e-07
"501","EPHB2",2.75464540371157,1.33073321183739,9.63554342547516e-09
"502","AQP9",2.52447918536656,6.05299563764071,3.61418404712727e-06
"503","CREG1",1.49609885714733,5.43170055115709,6.31753023125798e-10
"504","DOK3",1.91740369220069,5.14675369106733,2.48133803385815e-09
"505","KLRC1",-1.19472387707406,4.88596181138013,3.07518376869578e-05
"506","SMTN",1.66094796817073,1.92710888807528,2.07746091469205e-06
"507","VIL1",2.17783715391061,1.8280655741725,3.67846015275195e-07
"508","ASAH1",1.17906154808186,7.44336095702432,8.70892813764947e-06
"509","RNASE6",1.33391720033922,4.84885218047878,4.21028367768644e-05
"510","CMPK2",2.58265120580673,4.26372506004168,1.27176815354417e-10
"511","CLEC4E",3.16486099625961,5.89216757243717,3.04005284251951e-10
"512","HIST1H2BC",2.16388918011193,5.13330569366104,9.36221660480898e-05
"513","SMAP2",1.01769740456723,7.98060084687965,1.40825668440308e-05
"514","SH2D1A",-1.025438443173,5.840164988182,3.80881544984198e-09
"515","TOP2A",1.37400185598664,1.83908448203628,8.42598717216851e-06
"516","PLXNC1",1.56512373737274,5.73171512140168,2.76783318139951e-05
"517","CDKN2D",1.31195121068147,7.2260535212565,7.29109028922164e-07
"518","FADS1",1.0862114489846,3.88372479918329,4.40990472888695e-05
"519","MGST1",1.88635912189167,4.24502556483166,1.35329523211747e-07
"520","FAM118A",-1.23527251963583,5.70750565603102,9.56963435064385e-05
"521","ST6GALNAC3",1.7430998096555,2.35805888713134,8.34916281142737e-09
"522","CHRNA2",1.99485122041331,0.612508612837355,0.00289970503955089
"523","PRKAR2B",2.45964918291266,5.46260490978665,3.69902238468339e-08
"524","NTSR1",2.17295581019896,0.300921844530964,8.2704111623422e-06
"525","PELI1",1.48492929623459,6.47991547565179,3.10498918717613e-05
"526","NFAM1",1.6544904022573,4.85622230968823,1.48719040252801e-08
"527","TLR4",1.94079507004611,5.44592868046824,2.69780701395021e-10
"528","DOCK5",1.13668382791586,5.21949301699519,4.70847260798706e-05
"529","ZBTB16",1.19935280410982,5.3178052311267,0.00131548254852166
"530","SERPING1",3.66495107253938,3.4290035419495,4.27490923064843e-18
"531","PRKCD",1.17312456053954,5.89319480167598,9.10632916860297e-08
"532","ANXA3",5.90883019283351,4.73384093723979,1.05438627336545e-10
"533","VNN3",2.51140331050471,2.72558334937336,2.50599521552622e-11
"534","OTUD1",1.07316005822386,4.61130167502247,0.000149853654335089
"535","COL6A2",-1.36306143918176,4.49772214178528,2.09637240437501e-09
"536","SHCBP1",1.42182962214722,0.776629488521295,0.00130411281479862
"537","HJURP",1.97646918961676,0.287450243635658,0.000223906384700099
"538","TSPAN2",1.14866751865899,4.62102906865729,0.000249350686867435
"539","PYCARD",1.72328068079304,7.43069373188827,2.93539879358554e-05
"540","TRIM58",2.53431339235685,5.32959261970791,1.38399315958309e-05
"541","ALDH1A2",3.30756767272148,2.18013778422899,3.44321324348349e-09
"542","CTSG",2.09531152925137,-0.813677248379078,0.00733832698268717
"543","MXD3",1.69393709501557,3.54981829683737,1.18463904016615e-06
"544","ABCC3",1.89515607693906,4.18006833594821,1.81880698466755e-06
"545","IGSF6",2.40282654596422,6.66849021697125,4.01330722475971e-10
"546","SELP",3.04831833015919,4.20507158437728,1.63096233150697e-11
"547","LPXN",-1.02988443390377,6.3460143980106,0.000258109954376306
"548","STEAP3",1.39524265437559,0.807326887598659,2.42989481732111e-05
"549","FADS2",1.31034963033648,3.10853797594319,9.39484848102506e-06
"550","APOBEC3B",2.23356324220846,2.14661129504219,2.48032273976458e-07
"551","SPATS2L",1.95136201520547,3.84943131367082,4.41445495629654e-11
"552","VPS9D1",1.01794772329924,3.95558212134536,8.66967654989123e-06
"553","CYP1B1",1.05900271404884,5.45641990356636,0.00585117841172814
"554","ZCCHC12",3.41108085921795,-0.826110884956193,6.50022495838333e-07
"555","TMEM40",2.54357424010833,6.04013098179684,0.000124921188145678
"556","CYP1B1-AS1",1.21218220420928,1.12909230777629,0.00089664483835909
"557","SPTB",1.43218480679045,2.46909691332473,0.0082507651155593
"558","PTPRN",1.74955564235988,1.07040257804684,5.30803753915901e-06
"559","ARNTL2",1.59760340880304,0.187340798999302,0.000778183398819884
"560","TBC1D2",1.27607227826469,3.52556749824577,4.80714883998378e-07
"561","SPI1",1.85406628787738,8.21219361898884,0.00151216799041546
"562","SLC7A11",-2.08136168189041,2.4806567782555,0.00579191210046173
"563","MALL",1.97992698226393,0.801646296880632,0.00318988226992723
"564","CEP19",1.47547286448039,3.57892872769124,0.000241032513770531
"565","CXCR1",2.9442578612084,4.31795672319147,8.44837781914751e-09
"566","TLR6",1.31957447191149,3.78936824994726,0.00034217049939402
"567","IFI27L2",1.28641047768248,6.40547078733399,4.2206144646113e-06
"568","SLC6A6",1.14748577991251,5.49222082444212,1.26935651852812e-06
"569","SIPA1L2",2.05695129172936,3.09620562229943,2.47026149574758e-08
"570","GP6",2.76210040096464,3.62213601527992,2.19320516170228e-08
"571","MRVI1",2.12253549300563,2.79809063235541,2.11250495532463e-05
"572","FPR1",3.28954653962039,7.83492772382005,6.61897960865326e-16
"573","NADK",1.08983307272601,5.98914617956528,2.79344794134758e-06
"574","CA2",1.75019242477728,5.03258823482376,0.00650844709399702
"575","FLT3",2.34132240529735,2.79025878159605,1.60021856004963e-08
"576","TMCC2",2.29135493339891,1.43107690919781,1.69472870319325e-05
"577","F5",2.19657064721079,4.2808709150314,2.533502810818e-15
"578","SCD",1.14802098029683,2.59831109490358,0.00243333146502751
"579","PRKAR1B",1.42321135926498,4.82519471808497,0.0024876609507312
"580","SNCA",3.04273618499693,5.30179017828812,2.84707001720296e-09
"581","TFPI",2.29786973645474,3.0606542737199,1.73047488795043e-08
"582","ITGA2B",3.63124484560183,6.38943482689913,2.54954034683474e-11
"583","FRMD3",2.91210564780761,4.09356972914686,8.11057227149832e-11
"584","PDLIM1",1.84416689938038,6.28601738410529,3.45729939025504e-06
"585","GP1BA",2.70827955850679,4.28040572816493,5.08965677734958e-07
"586","GFI1B",1.91447847506431,3.53684209656779,0.00280607667359434
"587","ACRBP",2.1124143470697,6.311842518968,0.000471420798747529
"588","FHL2",1.31453782790436,2.46583147332768,0.00105288040229882
"589","PTCRA",2.01995894507223,5.24217531508268,0.00282504591639178
"590","C2orf88",2.12828017540021,5.34355807766407,6.09151512749507e-05
"591","ZC3HAV1L",2.32933248824596,0.972476046926143,8.4839237724435e-07
"592","FPR2",3.43850076391918,4.58445786922775,4.84404049715588e-16
"593","LOXL3",1.84141663205002,1.51306162378627,1.03819501597487e-06
"594","TLR8",1.97307933859911,3.99783822534114,4.46446026291597e-07
"595","MXD1",2.1764385281378,6.53206553572425,1.31986319948458e-11
"596","FBN2",1.61224520489722,1.96938004390721,5.35400651246816e-06
"597","CLIC4",1.27669989583093,4.70474756899561,6.73452012105778e-07
"598","CLTCL1",1.22349374969447,1.0650026042,0.000379129182541071
"599","ARVCF",-1.22824166789503,1.76531664134218,0.00830691290898341
"600","LTBP1",2.7551756715866,3.98806068454326,4.38962122175903e-08
"601","PKHD1L1",2.60406910650569,2.86994524472724,2.23448218536424e-09
"602","ELOVL7",1.97755628560506,3.23263305535952,0.000214316501410707
"603","IFRD1",1.03639356829326,6.32845593173341,0.00147164856458507
"604","CLEC1B",3.42594613843418,5.33571609554195,4.87875853750765e-09
"605","MPP1",2.00581589180432,6.74775988674419,2.82396404915864e-06
"606","ZCCHC2",1.15027156137618,5.48702033322681,0.000465933247152923
"607","ABCB1",-1.05030982997571,4.72801672017507,7.15296253251237e-06
"608","LTF",3.9884868788009,1.00916601211893,4.33221715352126e-08
"609","UAP1L1",1.09033426136297,2.5890889709712,4.74477574821789e-06
"610","EGF",2.87615179576129,1.92776261425278,1.84034862146622e-09
"611","WNT7A",-1.12849595772536,2.47261120491128,0.000906551188106224
"612","NID1",1.11239169885189,2.54307964484388,0.000831948410816265
"613","RENBP",1.27662704251768,3.8364168032437,0.0015941961657917
"614","TRIM25",1.28645632674474,5.48836189979973,1.02893799935477e-09
"615","SLC36A1",1.18518034811953,3.2289742323051,2.67477001192763e-08
"616","SDCBP",1.29606315816753,7.69025197398502,9.07162070439261e-05
"617","NR1D1",-1.19194700053162,3.2501460787145,0.00325518484672794
"618","PLK1",1.01577969345932,0.735856782837388,0.00761494920589066
"619","RP2",1.07837650832709,4.32845957555716,9.6462482282132e-05
"620","LYL1",1.15235083692709,4.63263452579239,1.54466171868426e-07
"621","BIRC5",2.44952094710047,0.220723063014659,2.30815306584578e-08
"622","IL10RB",1.01882123560214,5.24003652165409,5.62125897572525e-05
"623","MAGEH1",-1.00868551615478,4.26993955449857,0.000152145117271883
"624","DRC1",3.86071824388978,0.911114372831485,1.59656246576102e-06
"625","P2RY13",2.04668887460789,4.26191124050365,5.36294552701638e-05
"626","WLS",2.52948475269715,3.08227612843116,6.37350765312338e-08
"627","CLEC4F",-1.97518843500021,0.0128715529109148,0.00647474922633438
"628","CAV2",2.67547182455373,1.76474888127627,1.1828841874011e-07
"629","RCN3",1.05533003180726,2.16823295751543,0.000233435629471768
"630","LAMP5",1.41395210462057,0.0919307982595976,0.0010557536540516
"631","TNFRSF25",-1.35410770422326,5.36451785469568,1.54092871318009e-08
"632","ABLIM3",2.66745174856522,3.52148148608544,1.83146443786426e-06
"633","NUDT16",1.22926175595578,5.20736711820124,1.79381228736291e-08
"634","MPZL1",1.21426775095616,3.77770409973608,4.29480827813926e-08
"635","ORAI3",1.59012666496676,4.77201212429881,2.81041021626369e-05
"636","PLA2G4C",1.1989344647969,2.01252662906654,0.000886304308813592
"637","FAM53C",1.06739211214953,5.03342869651454,0.00018944569537106
"638","TRIP13",1.350287682467,-0.0616989835177744,0.00023437784231213
"639","OLR1",-4.02327583668563,4.34042036750273,0.000629774642257172
"640","KCNMA1",3.96180983401441,3.13762683680673,4.38114885857617e-13
"641","CTSD",1.73191059464395,7.29220719257927,2.9088594946592e-15
"642","GAS2L1",3.25262415366591,4.74827078951215,2.28736438873658e-10
"643","HSD3B7",1.40979121675576,0.638629738728372,0.00245300038061269
"644","PKIG",1.02821500851252,4.22864207534432,0.000209111777474148
"645","CDC45",1.49367122402351,-0.556002067586017,0.00368538772808228
"646","TST",1.42607015817679,3.7695601406748,0.000488659838043774
"647","ATP6V0A1",1.58271772302637,4.28677067303207,2.76972634957058e-10
"648","LAMC1",1.34192577158195,1.89249974446271,4.31900420947417e-05
"649","RALGAPA1",-1.01359046117726,5.77164710354392,0.00198684178411727
"650","CPNE5",1.26964065529261,3.71454292001228,9.89202095935307e-05
"651","ZDHHC18",1.01143616620556,4.85173112226702,0.00161691795537262
"652","NRN1",1.79229046306976,0.266462406061341,0.000299032784533766
"653","ARID3A",1.05373141607332,4.33630418357552,1.09928687915347e-06
"654","MMP8",3.53936627101218,-0.431906804698309,0.00123904634669736
"655","CNTNAP2",1.27974652912699,2.34866683165816,0.0035838494900862
"656","CXCR2",2.83996187617458,6.04959287433996,8.59644882058428e-08
"657","KLHL2",1.28865776844168,4.03592347734589,5.8529845872169e-10
"658","RHOG",1.14620098595428,8.28295187581668,0.00597686402115994
"659","PRELID2",1.32863420120661,1.32553511591976,1.48877023917001e-06
"660","BRI3",1.50910827539368,6.61904591857545,3.89630419321091e-08
"661","IFI27L1",1.19168887729173,3.11982095937526,4.24796095706483e-06
"662","AFAP1-AS1",1.10409195609201,0.260387005207082,0.00859271417299989
"663","CDCA5",1.56481949699175,0.231343004925917,0.00023238949415609
"664","ARL11",1.53913598990999,3.32991030349693,1.27898448666249e-07
"665","CR1L",2.14074522045576,0.530365859151996,0.000186051273321563
"666","ITGB5",2.03931304126514,2.64277635337387,1.46203380513264e-05
"667","HSPA6",2.67983607029907,4.74497973289807,5.13461457045053e-12
"668","S1PR1",-1.39807748217998,6.74300619290146,9.65412976477367e-06
"669","TNNT1",1.42423272535215,2.16991820996827,0.00832317872913978
"670","PLIN5",1.79985143828595,2.32346550827758,4.56968989619371e-06
"671","MCUR1",1.00580760386786,5.1526500151868,0.00160452881208362
"672","DGAT2",3.44049185526204,4.287576416524,1.04925070929055e-14
"673","CA4",7.49545154955477,3.64500203729777,1.72578412960473e-10
"674","NEIL3",1.36011169683281,1.11238995895852,0.000127534494900991
"675","CMC1",-1.08980721685794,6.29603100505545,0.00121105045591125
"676","ABTB1",1.50520380112928,6.8837004613777,8.08356052360891e-05
"677","LTK",-1.25019964263929,1.52583699599289,0.00395261259204523
"678","TCN2",2.41744558923985,3.20825232573633,5.68521148428056e-15
"679","CRISPLD2",2.81033069401063,4.67263757568742,1.08744351721653e-16
"680","PGS1",2.36003398507385,5.92028374369399,1.09298654649585e-08
"681","FHL1",1.29406806182285,4.87557007485786,0.000643796689839447
"682","TSC22D1",1.68914519127865,6.56651083968946,8.54531599954499e-05
"683","GNG11",2.00146756963127,6.97864361747944,0.00157351414883918
"684","SNAP23",1.01424603259582,6.65978774530931,0.000623265331597358
"685","ZNF185",2.05331328713142,4.44173038051584,1.04764159490091e-07
"686","FAM81A",1.34877662402308,0.286572975504513,0.00420019512424138
"687","VDR",1.00435177973936,3.23762368523449,0.000517214217754106
"688","HSBP1",1.03385303291916,6.50608640485329,0.000449136616087104
"689","SIRPB2",1.20038066631971,3.39205951706751,0.000311127572347527
"690","E2F2",1.97302994596941,2.24504959876659,0.000177879772458437
"691","LRRC4",2.12182868503729,1.81709294654563,1.92289056714767e-05
"692","C3AR1",1.35191005838993,4.63779303483855,0.000305781388860335
"693","HIST1H2AG",1.17228069736728,3.91377323010735,0.00564528317716528
"694","FAM157C",1.59814012045449,3.54360547106147,2.43977867555272e-07
"695","PRRG3",1.50038450131427,4.98664125412,0.00137085020196171
"696","ZFP69B",-1.19012588793894,1.33561283624104,0.00041061031033517
"697","PPARG",1.68589951767045,1.71348404304473,0.00149731919386846
"698","AR",1.71955854125544,-0.0206892991343247,0.00286527907807389
"699","ANK1",1.44099027728154,2.82229426671605,1.89437593671932e-09
"700","ARID5A",-1.18279726893748,6.83369943020972,0.0049861886936223
"701","GAS6",1.77420971505903,1.92880751066199,1.08941603766602e-08
"702","TMEM170B",1.5740483439948,4.28814015137189,1.42956986791869e-05
"703","SLC22A13",1.94202698596562,-1.89181368992513,0.00130419065982297
"704","FAM200B",1.21849669308735,6.05674377707093,0.000765498048227289
"705","CLEC1A",1.77592961541102,-0.410567300105254,0.00312837831424418
"706","ANKRD22",4.44907535306035,2.62984744012786,1.70609188264837e-15
"707","KCNE1",2.83812366649907,2.96537017919069,3.28045285197619e-17
"708","CD247",-1.32889063185487,8.38904271327299,1.75541573569955e-09
"709","TREML1",3.26560130078847,6.21725241394716,1.48227115806269e-06
"710","ALPK1",2.01010965353504,4.17601551683614,1.3872391667402e-09
"711","FAXDC2",2.49357051297044,4.46737618475455,1.66946620342011e-07
"712","KLRF1",-1.22341946282471,5.84343148884184,0.000126334978976493
"713","FAM126B",1.00049526530201,5.61067588650577,1.62062237760026e-05
"714","IFIT1",4.21581537106806,5.33770478918386,2.4881386159684e-14
"715","ASGR2",1.63458272470843,4.14823328679315,5.47177418461307e-08
"716","PLA2G12A",1.20523080030083,5.28683353659257,0.000214906387984364
"717","SP6",2.05832313941078,-1.19596444918218,0.00638857597349519
"718","TNNI2",1.92656838689538,3.09243821597939,5.65539582826145e-07
"719","PF4V1",2.08902663571956,4.82330808537296,0.000565938734539935
"720","RHD",2.17110412461351,1.89530996790094,8.37715515203129e-06
"721","MEIS1",1.57937762719405,3.27594769518422,0.00169176616907905
"722","CHST15",1.59668140720091,4.63921086075125,3.19780101320295e-10
"723","BLOC1S1",1.3553496134391,6.72739089729682,0.000871784911444557
"724","DNM3",1.62561000499603,3.35678769629969,2.36095555501018e-05
"725","ZNF416",-1.10957543199724,1.76574899614235,0.000349142772411061
"726","TBXAS1",1.44631841107237,5.87780330490918,1.22681402250976e-08
"727","FRAT2",1.49182264520637,4.61813527796431,1.50707875831918e-07
"728","TRDC",-1.10944072584362,5.65962105619444,0.000854852449804946
"729","BLVRB",1.11537470140055,6.09673248096241,0.000463865601360439
"730","MS4A4A",2.62534388858672,3.20528434860012,1.9734966115934e-21
"731","SNX10",1.74943455818469,6.33478209084232,1.4555183698361e-09
"732","PRSS27",1.69212235579257,0.345015119730614,0.00060169661907941
"733","LAPTM4B",1.33721777317338,2.33537772943251,1.26196590213557e-07
"734","PHC2",2.85452540367409,6.19460224380819,5.13315898803088e-16
"735","OR2W3",2.10811897967639,-1.5099537157939,0.00322752044239408
"736","ESAM",2.2879792542387,5.2635022600701,0.000256404576566817
"737","CARD6",1.34523255381284,3.30738350468049,7.98808631537479e-09
"738","LY96",3.00850964774858,5.75927063460316,8.03441670057064e-10
"739","TNFSF13B",1.79524692373431,6.19980606429807,6.12839354346972e-09
"740","LY86-AS1",1.00449359260686,1.22950917116994,0.00036969061251889
"741","KLHDC8B",2.54628422454831,3.09081515546626,9.16773070434154e-15
"742","NAB2",-1.35913111984002,2.43087678649027,0.000854493989164819
"743","NEIL1",-1.1928925485098,4.46350788213228,0.00107821291644859
"744","MSRB2",1.97369179154721,4.15871610047251,1.3762697894991e-11
"745","PDLIM7",2.11523303114202,5.34383575616345,4.83818526909536e-05
"746","PGF",1.7655420357591,0.1416537943019,0.00257343692584265
"747","BMP6",1.69201130487576,1.66754333317659,0.00281635676286974
"748","ALOX5",1.55030320534328,5.90443401960241,3.25212847384185e-12
"749","TIMD4",1.0988842986834,-0.181802256896649,0.00763967641153013
"750","DBP",-1.12323589035366,3.5780994018089,1.73874947590361e-07
"751","APOBEC3A",1.79706445658976,5.50827998817499,1.72840848395084e-05
"752","HK3",1.70187527024412,4.77882228449925,2.21011090501151e-08
"753","PLIN3",1.4016713519897,5.60506231185643,7.7757056101373e-07
"754","SLC24A4",1.00188269094056,3.48668622579788,0.000423856047744655
"755","HIST2H4B",2.02065556256852,1.55933945502324,0.00462109463270187
"756","STXBP2",2.42480924676611,7.71581081760103,2.3987569472419e-05
"757","CEACAM1",2.37040271491006,2.49543137779886,4.69064270669445e-08
"758","GYG1",1.23253576696135,6.07823325130838,0.000123485229353871
"759","GPR160",1.13109274761077,3.78571115826689,1.50679180863119e-05
"760","DKK3",-1.2628596680412,1.31364677349146,0.00722195570277367
"761","NOP10",1.6768435023034,7.79342309533967,0.000409456802082154
"762","LILRB4",1.15245489979479,4.11798474252037,0.000456570755746424
"763","MFSD1",1.14116924554543,6.34575053868719,2.60758121228582e-07
"764","FAM20A",2.66824798362875,2.47057599745621,2.75942422270826e-11
"765","G6PD",1.24940227618101,6.249530899971,1.62720974665462e-05
"766","GK",1.52890986509012,5.10928989601857,0.00404567486855444
"767","ZNF516",1.34785622557891,4.0938863207546,7.27088767350129e-08
"768","MFAP3L",1.49246954331645,3.35193080729027,0.00389606976357584
"769","NACC2",1.18209147028812,4.69529005491422,6.82723301636033e-06
"770","NSUN7",2.04942879008976,2.31746044138434,0.000100654326202327
"771","WFDC1",5.8317770702694,3.55875294895258,2.45625062932181e-09
"772","CYP27A1",1.17712474414902,3.71173561914938,0.00136674794024643
"773","SLC40A1",1.38228950052117,5.77548313312193,7.15870159294848e-05
"774","UBE2D1",1.45667589447363,6.1638020701056,0.000139400243718432
"775","BCL6",2.49958985129702,5.76903476384762,4.71092164620171e-13
"776","SLC1A3",2.36905215679425,1.02812748516892,3.01301937394737e-07
"777","ALDH3B1",1.29177964120704,4.25588381284512,2.17043397878935e-05
"778","CKLF",1.81796674405108,6.69722143054341,3.06097086096142e-05
"779","HIST1H2AJ",2.248253969062,0.417971365510742,1.24864917110304e-06
"780","NQO2",1.08955509954703,5.37422343854562,0.000374339664350875
"781","IGHV3-48",2.10431448021266,3.20154721887328,0.000128253290922561
"782","HCAR3",1.69721189494755,3.14463397017798,0.00384524081710592
"783","BCL2A1",1.54757156928131,7.68019072336368,0.00523158671067192
"784","SIGLEC5",2.30217369590758,2.51402137533996,9.89621418746664e-05
"785","EGFL7",3.59710268136448,3.72951949734034,4.65486195967359e-05
"786","C5AR1",2.42304990234521,6.88020657095273,3.58847614805247e-11
"787","MYO7A",1.11350452310045,0.806003702762002,0.00590013409939989
"788","CTTN",2.11905857707176,4.16729895419882,4.7247272719989e-05
"789","NCF4",2.60305175203481,6.31958334388233,5.56341883053685e-14
"790","TCL1A",1.38056368603481,6.03088579724229,0.00224190963047343
"791","PILRA",1.68179450126898,6.28533803531795,4.41766803918146e-07
"792","MARC1",3.6045511260873,4.40115513920826,2.5792778805736e-16
"793","CDC42EP2",1.25477452575868,2.38225535152207,0.00254984700230856
"794","SLC8A1",1.92721697726659,4.80156980482706,5.4582967412813e-11
"795","AC147651.4",1.26510408633352,2.53613957649035,4.3529271122797e-06
"796","OPLAH",3.1295397723074,1.05931066816024,7.07642448505696e-11
"797","KIAA1257",1.52676632357966,1.64202677758564,0.00247987821844019
"798","SH3TC2",2.10330529305824,1.9521450883267,2.24221877675217e-05
"799","SYN2",2.55307869088987,0.155406312518552,5.66133000601045e-07
"800","TSEN54",-1.12294128450072,6.02537360243079,7.54715001933869e-07
"801","CMSS1",-1.19662915800795,4.43675786783469,0.00203367687653378
"802","SDC4",2.03963886039753,3.38333163001862,4.6501181626799e-05
"803","STRN4",1.07097207538042,4.64511918038872,8.84859706592456e-07
"804","PLB1",1.38491718769748,2.44392615398558,2.22228721365111e-07
"805","ABHD5",1.56257235608017,4.97115007475605,0.000263655906135063
"806","HIP1",1.25619437108706,4.58122142303356,4.86533800195021e-09
"807","NELL2",-1.60544068324017,5.80800346683419,3.2877586214691e-09
"808","IGF2BP2",1.51799559415242,3.07340349095738,3.40921655726907e-07
"809","ENDOD1",1.17696968644925,5.36915173736405,2.44624788223763e-11
"810","AGFG1",1.24556499114687,5.75422733424748,1.92874974475529e-06
"811","NUDT5",1.34409432525191,6.08247990970546,0.000225772500492996
"812","VWF",2.00093148079726,1.53533560292835,3.07195186668163e-07
"813","VEPH1",2.00000772402473,1.53917004858242,0.00177848977604825
"814","RRAGD",1.80019660717349,3.16733272729412,4.52009526514925e-12
"815","EXOSC4",1.05526370385608,4.6689012462965,0.00301675328849865
"816","ASAP2",1.7980448199661,1.68332397778508,0.00140696207566468
"817","ALDH7A1",1.10882787878725,0.867089372470515,0.00476359347193907
"818","PROS1",3.20247179916993,3.25060988113274,1.13845694746676e-08
"819","ADAM9",1.73434508225128,3.68826521708783,1.43839953524322e-09
"820","NRCAM",-1.45204857426834,1.89535485128497,0.000644552980483254
"821","HIST1H2BG",1.39351117939509,3.00966183151454,0.00532122403981214
"822","DTL",1.39168944914924,0.595922149990562,0.0018180914612416
"823","GAB2",1.0347185292191,4.55287450173784,0.000572459961676629
"824","RNASE3",3.85032801937535,0.591898473363607,4.46484527030872e-10
"825","ACER3",1.02394578914474,4.53173588512072,6.33722650068729e-10
"826","PRTFDC1",2.14445071744341,1.48936316627325,8.11205214931936e-07
"827","ARHGAP18",1.21764164981505,5.41755826625462,1.57837121001684e-05
"828","INSL3",1.26125481417776,0.817827574815217,0.000109399168680931
"829","PGRMC1",1.63759983919526,6.15822171974057,2.45533724569137e-06
"830","TIMP2",1.93752967122287,5.32587499915698,1.04303793300981e-12
"831","C1QB",3.68200899648502,3.03629604101638,2.57265663196061e-10
"832","CEACAM4",4.64640208702751,4.76341274537845,1.03788982917695e-16
"833","PSTPIP2",1.7774933856416,5.66735530416512,2.94381648387015e-09
"834","SKA3",1.48269286824748,0.265675861022796,0.000207798108285268
"835","PLIN4",1.77906743595606,0.57772697371983,0.000530933374787477
"836","ACSS2",1.28823157382318,3.9666955611822,9.80944550773627e-06
"837","ABCC4",1.40085044477241,3.81600090973817,3.93819929013044e-09
"838","MBOAT2",2.45905030458825,2.98122768081268,7.08556612126676e-12
"839","LILRA1",1.09384812402406,4.37622396758842,0.000697240947099751
"840","KIF13A",1.32404987267763,4.05441117644955,2.64007948965078e-05
"841","ADORA3",1.47016635434831,-0.0709261439311445,0.00447436445959499
"842","LINC00664",2.11793206078801,0.298254493855331,0.00205853401929952
"843","KLRB1",-1.66779555320149,7.78776483889877,1.31398960165527e-05
"844","MED12L",1.83333703223828,1.01510683102697,2.93136186394977e-06
"845","TROAP",2.01696898906771,-0.265629405060603,2.30302933677811e-05
"846","DDAH2",1.24721797227398,5.62695794000439,0.000151809909113612
"847","ACTN2",2.45154297821749,-0.805563000442761,0.000870267468164556
"848","IGF2BP3",2.30802775327669,2.91580688456581,1.02878848000067e-06
"849","CREB5",2.98074024905732,5.12275950185881,8.28892099424965e-13
"850","ETS2",1.57713653340741,5.52870806121457,1.30136939919315e-07
"851","CTIF",1.21130166054681,2.34534267533511,4.49153875365648e-08
"852","CYP19A1",2.50096477057554,0.17260554484938,6.47168780119381e-05
"853","HIST1H2BD",2.80266160736873,3.35904420212471,2.40205717075965e-16
"854","GNAL",-1.30368841161777,2.56316475903952,0.000890431548494384
"855","LGR6",-1.2123976100659,3.73627328345721,0.000438899789105072
"856","SLC4A10",-1.52392146297583,2.44461403087818,6.37285608180935e-05
"857","KLF9",1.01067900251552,6.20549015650747,8.25806371106268e-07
"858","IL1RAP",1.2239775870067,3.92073652554388,6.89654506683329e-08
"859","C19orf38",1.69499925093993,5.77806306801769,2.34233743240447e-07
"860","CLCN4",1.25798132882122,1.77388891303552,0.000793981577173202
"861","IL1B",-4.21213966278679,8.82154610994742,0.000667756192709088
"862","SMIM5",2.26930496415421,3.80598212700965,0.000147683396109687
"863","SGMS2",1.36984132843968,2.49029930030215,1.80361232148741e-07
"864","ECM1",2.90462301674374,0.637481419580641,5.78548512110942e-07
"865","MOXD1",1.33789221986984,0.172921635087823,0.000156775774650475
"866","NFE4",6.02460237571696,3.17930175586555,1.76003451795642e-10
"867","DUSP14",-1.06072979000758,3.00410985863056,0.000130885746630649
"868","ADAMTSL4",1.22923271412445,2.78949447336605,1.06590939801212e-06
"869","MME",3.68121439487345,4.43917828020377,1.12082281445768e-09
"870","KIAA1324L",-1.20992907858607,2.76507836325907,0.000310111412481148
"871","S1PR5",-1.22887391578244,6.30226755963144,2.31423683444215e-06
"872","WASF1",1.2768806401659,2.39206877562432,0.00298171504552234
"873","UNC13B",2.17083360646251,0.296077107545699,2.89560542015685e-08
"874","SYN3",1.24252584981778,-0.298490193570148,0.00275412508988281
"875","HGF",2.32446226188007,2.25100300151369,4.96897261057713e-09
"876","CXCR3",-2.09870690996796,5.37154686287202,0.00049295394611109
"877","TMEM140",1.78283245241582,5.30011957044797,1.02255888307176e-05
"878","LEPR",1.17135788940728,2.39186547370427,0.000269342225082984
"879","PRCD",1.56652570232121,2.14075147644395,0.000880151496531106
"880","ZNF438",1.16531665732195,3.6192128104634,0.000237087323334561
"881","CRAT",1.25407912352692,4.07499998173702,9.68527108479013e-05
"882","IMPA2",2.048490377247,4.24832469877477,6.48127684572477e-09
"883","MAFG",1.22355689547674,4.27449031326365,4.68755089768775e-07
"884","TSPAN9",2.07200942383332,2.34601277940297,9.64283135331974e-06
"885","WIPI1",1.47192190343395,4.39506591984489,1.35528227701555e-05
"886","MICALL2",1.30777027349241,1.64112754705795,0.000186243678934924
"887","IFIT2",2.26602622805145,6.08784667973913,4.44108176682242e-08
"888","DLG4",1.12702019207507,2.23092593781494,9.03449444371682e-07
"889","SPOCD1",2.38707426514534,3.04556016663809,3.921283952116e-07
"890","DHRS9",2.74582348911034,2.97620822236305,6.84280424121683e-07
"891","FEZ1",-1.45995604014506,4.02576633806573,0.000156972928899313
"892","ANKRD55",1.69535048602009,3.78253393948819,6.23313642632166e-05
"893","PROK2",3.57473402205546,5.37581457510689,3.0244989964743e-10
"894","ETV7",1.76105803147875,1.89670692316208,3.64280738898988e-05
"895","ACER2",1.91645821345664,0.875818865243944,4.41889122455774e-05
"896","DNM1",1.89979784993295,0.63925970684183,0.000626976224756916
"897","NR6A1",1.18228736014521,1.35251312985125,0.00170887383688421
"898","KIF3C",1.2460303271911,2.17097057629572,3.74808506372957e-06
"899","ITGA2",1.34851473047689,1.30428773306514,0.00410488222667247
"900","ST14",1.44942222328905,2.99382955378103,3.88352184884356e-08
"901","USP18",1.62862512714201,2.69265369004362,7.92188792800741e-07
"902","ADAP2",1.14320248262587,4.10595284933975,8.24550964159705e-05
"903","EDAR",-1.07611746569994,1.62660465267161,0.000741130181956328
"904","APBB1",-1.06018343707581,5.48921667474557,2.65735688679218e-05
"905","LILRB3",2.71755676766077,5.75630272829425,5.1452373130191e-10
"906","KEL",2.67626864358679,-0.997557433870241,0.00107012342016033
"907","SYTL4",2.63417685944704,2.21017772552825,1.83772647538384e-05
"908","SH3YL1",-1.03952628380546,5.79371522360547,0.000286841179541635
"909","RBPMS2",2.6384592534471,3.06770091749864,5.90010535280602e-06
"910","TNXB",1.54300545004952,1.19533532549738,4.26749818519096e-06
"911","NHSL2",1.10508616320399,3.90524905102809,0.000620864396685402
"912","TOM1L1",1.54352864203512,0.460902586077037,0.00361421715100353
"913","CYTH3",-1.18060411342462,3.38648517966643,2.47489180162168e-06
"914","AGTRAP",1.85816769765674,6.99212734287144,5.19709800875842e-07
"915","EFNA1",-1.60127821504202,1.70005993847676,0.00548315432673745
"916","MYOF",1.16664041311577,3.95045138594188,0.00163616482876542
"917","KIAA1324",1.07253910704024,3.12969160816271,0.000629142258029906
"918","FASLG",-1.9786319491312,3.52142230467225,7.75152333604074e-07
"919","GADD45A",1.87103626518192,5.21027957094024,4.33612884178409e-09
"920","PSD3",1.06369637827119,1.72426225760479,0.000951070564416175
"921","SMAD1",1.25433364109184,1.99549743947712,6.77589855154771e-08
"922","RNF141",1.04452287001696,5.28919453728383,1.66161447615333e-06
"923","HERC5",1.87843553695386,5.45170549448385,2.00780155562172e-12
"924","GGT1",1.02211980910318,2.66305469108605,0.000204066969008657
"925","RAB32",2.01620704370963,5.55957352872375,8.24183546233569e-08
"926","CSF2RA",1.58033903532389,4.36331836615171,4.36804447019784e-07
"927","PARVB",2.33284372059583,6.23623421715947,4.52613816371098e-08
"928","TMCO3",1.16964397419687,4.949787515348,1.43245447198255e-05
"929","RPH3A",1.8747065941439,2.65359258629811,3.59891958418022e-08
"930","EXOC3L2",2.4007073090079,-0.829416382119552,0.000214198164442119
"931","PKP2",1.35414090289338,1.29864471780088,0.000221622187458077
"932","LTBR",1.51055302738716,4.52030479420121,8.77964534340923e-10
"933","CKAP2L",1.54988509323938,-0.219874892323685,0.00292571206837055
"934","KCNJ15",3.90426053857917,3.84164575087228,1.76363005779882e-14
"935","ATL1",1.0754154496877,2.10989753179682,0.00213059421904899
"936","MSRB3",2.46709555027897,2.28223049879928,3.54659257923489e-08
"937","PCDH9",1.11764432100002,3.59220202312255,0.00145508432699345
"938","TREML2",1.77371752073491,2.33243950749744,2.48614942977995e-08
"939","CNPY4",-1.00201464054006,3.54249074296796,0.000576915351074434
"940","GLA",1.09846246783444,4.75108336487028,0.00125122285281165
"941","ACVRL1",2.18766166753711,0.287872902720663,7.73848231333922e-05
"942","DMTN",2.50340943755904,5.33896462245648,1.8069266488515e-07
"943","OLFM2",-1.6868352026357,2.81802260661033,0.00387959124302619
"944","HIST1H4H",3.74751967262485,4.53910910890597,7.2061400101042e-13
"945","GUCY2D",2.39478710485698,-0.841677904830648,0.000888149599495955
"946","CDC20",2.24339322425298,-0.0752276503366855,1.72262289106688e-07
"947","IFIT5",1.05516884988338,4.8178558463071,4.49902800183748e-06
"948","SH2D2A",-2.07459842864685,6.63535713379836,7.71075480260537e-06
"949","PPP1R3B",1.6069959090367,3.76758822897129,1.34422295261002e-08
"950","GALNT14",3.83173839515438,0.591914298828337,3.05774219655433e-08
"951","GP5",1.28663499303519,1.33777401474637,6.37433745950437e-05
"952","SYTL2",-1.00564219684165,5.73699989008935,3.16282237949858e-05
"953","AGRN",1.08891012394754,0.806417465024785,0.00694684283290043
"954","CNTLN",1.243430879416,2.97094255566128,4.06160095800523e-07
"955","GP9",2.70046350903571,6.9980932214657,0.00161546683115294
"956","FES",1.38313421421483,5.17860198802848,5.15652161959392e-12
"957","RANGAP1",-1.01285173223584,5.28550472072819,6.46987789614704e-05
"958","HSPA1A",1.86515180524859,6.17391447338899,1.7079721748254e-07
"959","MBOAT7",2.03496786655116,5.5818087711679,4.13333924969554e-14
"960","AUTS2",-1.19715777637511,5.20064569535351,0.000524057194614022
"961","MS4A7",-1.18288386777643,5.92827686912052,0.000178861608671352
"962","SERPINE1",1.74104720775646,1.89534474174226,0.000396343995077994
"963","SPRY2",2.06489710343151,1.0911789573959,4.50327673664548e-07
"964","KRT23",3.53505373782209,2.39605992356107,3.83486713444008e-07
"965","C5AR2",1.69981106362232,3.03166600841215,4.86960329025668e-07
"966","ECHDC3",3.71310847871673,2.59745574945214,1.3226089442911e-13
"967","CAPN11",2.18114347094107,0.0998082821650193,0.00141157942523228
"968","NECAB2",3.59104683409089,0.167695776717572,4.66808817862229e-05
"969","SLC22A15",1.58171745560033,2.6658307439909,1.40614472213571e-08
"970","ITGA1",1.56736565844233,2.34558177628472,7.56271739700203e-05
"971","PCSK6",2.33645013589728,1.83086514327386,2.5568207937641e-08
"972","PDE5A",1.6829153388631,4.00947400347886,1.81245049466185e-05
"973","MXRA8",-1.63230939016064,0.182587388149728,0.0012338929485297
"974","TP53I3",2.44332382047347,3.17538163802886,3.63111352826154e-09
"975","MYO1B",1.34578374172829,1.33296240638559,3.98673897770643e-05
"976","PLOD2",3.01453015696893,1.60430329405201,4.05373604917309e-08
"977","TIMP3",3.03573599646663,1.11943097236009,2.31015073472586e-05
"978","HIST2H2BF",1.8190746139441,2.7141016406582,0.000694241776265721
"979","TAL1",1.8577171675858,3.35460242148998,0.000454499420956361
"980","TMEM91",2.61777996673372,5.44369434528762,4.81352171502628e-09
"981","NOD2",1.43538912345162,3.34642754538901,3.36299542185719e-09
"982","SCARF1",2.14056018821199,2.19202294776239,7.89014194400681e-08
"983","SAMD14",5.20668946070865,3.81339452000568,1.22794102506709e-14
"984","CTDSPL",2.38182489610684,3.34789828737475,1.09177257370681e-07
"985","SLC39A8",-1.2385494879254,5.39184027693212,0.00680070102471653
"986","HOXA9",1.72079552900226,0.570929096280135,1.19222547875783e-05
"987","VNN1",3.53165162461085,3.92248874840489,6.95594033375277e-17
"988","TREML4",2.19431069142158,-0.272255552846716,0.000636545153978275
"989","AGPAT2",1.26916750318008,4.95169188474664,1.48577715247461e-05
"990","PCYT1B",2.38016013548061,1.6710370678616,2.15859628955015e-07
"991","BEND2",1.75438535685831,2.74763538905198,0.00396045935782757
"992","CNN1",2.12239889522433,0.110889837139408,0.000405219077551784
"993","TCTEX1D1",2.04988904329709,-0.403191912561382,0.00217746036212977
"994","RAB20",2.29887270767389,4.45091954026119,1.0564653251295e-06
"995","LRRN3",-1.72569999509327,4.46664367026559,5.19025452172799e-06
"996","TDRD9",2.47384428882342,2.01380765933826,1.21498996604718e-10
"997","TFEB",1.01077289062465,5.02204760706122,1.89637948766199e-07
"998","IGFBP2",2.83094166301904,1.69327144131507,1.98523306455357e-10
"999","ABCB6",1.14005056793778,-0.357150076029965,0.00125846131423166
"1000","KREMEN1",3.39659529363082,2.56544265381046,3.16901148439941e-12
"1001","CH25H",4.06561261127025,1.15005615625579,1.85495532742704e-10
"1002","MUC1",1.46303571336888,0.292659825722948,0.000513769902292832
"1003","MIS18A",-1.23613000707085,3.5728682784677,6.27807790890354e-06
"1004","SMIM10",1.92167889512786,-0.0929941965675626,7.87570069339231e-08
"1005","CYP4F3",4.03480713765508,4.09257705048565,5.40198899397252e-08
"1006","FAM19A2",1.18736431498002,2.37618397441748,2.44903984097786e-06
"1007","SH2D4A",1.89260300205983,0.651848872382177,1.65248715813966e-06
"1008","PCTP",1.14392564707813,3.65924034082378,1.22503463125272e-08
"1009","PLCH1",1.76968025165263,0.2847253346116,0.00709748966421723
"1010","HIST1H2BO",3.9666063153833,2.16709181166489,2.49819260665852e-06
"1011","JAM3",1.22926258618356,3.69809953589561,7.62153362290789e-06
"1012","XIRP2",2.03558328102868,0.852717724863062,0.00443554729277554
"1013","WWC1",1.50461997595867,0.529059694768912,0.00251572318587274
"1014","FHIT",-1.21775416739938,4.72551791135606,0.00393643237017965
"1015","AFAP1L2",1.19825802000647,1.90211067264541,0.000204847242962789
"1016","RTN2",2.32139145980844,2.37704537351935,2.85426385070711e-09
"1017","EPHA4",-1.19825655194202,4.27189432670734,3.19569861725069e-05
"1018","ZNF608",1.53480797520941,1.71464923055155,0.00030103833416364
"1019","F2RL3",1.85784018298591,1.76816460561246,1.78390050067904e-05
"1020","MYO7B",3.33471474204077,2.63283407997169,2.28003847286184e-13
"1021","ITGAV",-1.107567406162,3.72817714720793,0.00105784566634604
"1022","CCIN",1.67749446480067,-1.34789467930286,0.000417836397610002
"1023","BTBD11",-1.06889640014005,3.63334282152687,0.00106785856436425
"1024","ST3GAL6",1.44289889655665,2.58989471557397,1.71117221073283e-06
"1025","TRPC6",2.17629501033576,-0.190834152461277,0.000932155559628503
"1026","HPGD",2.0866844690943,4.74581191749338,3.29476520589249e-07
"1027","CD160",-1.17680308174059,4.52164963830848,0.000189821317869543
"1028","HBG2",2.8343002411687,3.73967967753481,0.00470514702550862
"1029","PPP1R14A",1.77600248434444,4.01255281010783,0.000796706514326156
"1030","GPR27",2.65003025958409,2.60672937640891,3.39410300616847e-08
"1031","DGKG",1.21866635898885,2.33232431766579,0.00140872487534267
"1032","TTC7B",2.05893787545038,1.54514769422326,3.42505210391143e-07
"1033","VSTM1",1.18811155735125,2.96436098917225,0.000735878042912392
"1034","STRADB",1.1969108010959,4.1832479682572,0.000136670685564825
"1035","AKAP5",-1.35469248692878,3.50391651888032,0.00106901112447902
"1036","KAZN",2.04827746247574,1.0866675427387,0.00132324330255446
"1037","RAB6B",2.56563163925232,2.73151197078423,4.04342317350865e-10
"1038","CREB3L1",3.4537928618111,-0.439892418642801,5.82656251166904e-05
"1039","OLFML2A",1.7396103722774,0.114955235288184,0.00727093738764382
"1040","NOG",-3.58401110556633,4.25780431970759,3.84257784604986e-10
"1041","BPI",1.63952836335195,1.48140206841386,0.000225692856035904
"1042","MORN3",-1.27508263626627,2.9340776564261,0.000862787702261599
"1043","CD9",1.82814229087416,5.3114377491308,0.000645884532246717
"1044","STAC",2.25337002370028,0.00666823996211901,5.3073735766303e-05
"1045","AKR1C3",-1.19037521792566,4.41427571964952,4.00889634658237e-06
"1046","SLC6A8",1.02108192319599,-0.348590773194306,0.00752139550774932
"1047","GNAZ",1.45857522535058,3.11336740059135,0.00125962279795192
"1048","GCSAML",1.60489722907558,0.0696069757407679,0.00226332587185798
"1049","MYL6B",1.06467041770627,3.2000377606576,0.000155731942891856
"1050","GRB10",2.85220489677108,2.51570016964733,1.34030002827589e-15
"1051","UBE2C",3.04537923356923,1.72189260860963,7.16144879287298e-07
"1052","LINC00996",-1.22647123241467,1.76941564988931,0.00475627554138167
"1053","RAB13",2.22397990650795,3.94850440277846,2.29134849438315e-08
"1054","OCIAD2",-1.38963033136454,7.09915454014597,0.00252315717326473
"1055","TMEM150B",1.35387752654782,0.853874711498421,0.000597651331383959
"1056","ACSS3",1.97244868210954,-0.131107623202391,0.00298545943796015
"1057","LINC00599",2.98318294373949,-0.0835170360449342,0.00355546030495321
"1058","C5orf66",1.49383317273288,-0.410908516939486,0.000108152507552536
"1059","STAC3",1.1085377958365,2.49560920496787,0.000117985538979624
"1060","DPCD",1.11499425286516,1.78544055953478,0.000253872075833827
"1061","SIAE",1.82242801062591,3.16001995862578,2.30047419551814e-12
"1062","TTK",1.37308032253696,-0.28926095708538,0.00521843956180535
"1063","UACA",1.23533368358584,2.30270515454026,0.00605087868242299
"1064","LXN",1.05000966679848,3.13336494074834,0.000443829381545592
"1065","BEST1",1.00812320627457,4.80453292616745,0.0078861670680775
"1066","TLR5",2.40962589828082,3.60317734483481,1.1790905968596e-08
"1067","SENCR",1.47553121291458,2.96681485311244,0.00479633027021683
"1068","DPYSL4",-1.53019950644023,0.150335873395014,0.000204093490217307
"1069","CHIT1",1.61007492986279,-0.200215653259715,0.002006396237364
"1070","OSCAR",1.57008539229533,4.22165805527966,3.5825714589917e-07
"1071","CTBS",1.02041105308075,5.73869979657643,0.000467342020974406
"1072","CLEC4A",1.32804816743331,4.63434508871562,0.00140902516854413
"1073","SH2B2",1.38148560108327,3.21653611908975,6.92929512986895e-05
"1074","HIST1H3H",2.54049442997181,6.0375659597634,0.00474306517265353
"1075","KIAA1211",1.70574337109533,0.579688898648096,0.00583696238679743
"1076","ACPP",1.61887929088864,2.45173211584058,2.58700323676223e-05
"1077","PANX2",2.6794317002334,0.404676387068332,4.29691681030469e-05
"1078","PLA2G4A",1.42640164119825,1.03252467779866,4.39732280177829e-05
"1079","NAP1L2",-1.19711029178844,2.19675384384037,0.000709877666172029
"1080","FAM110B",1.5949370822497,1.35330806124742,1.90984101271918e-08
"1081","ARHGEF40",1.34482981778514,4.04304632867072,1.1263815429741e-05
"1082","MIPOL1",1.88670607599049,1.17495254040223,2.70273727205405e-05
"1083","MYLK3",2.37360341559427,-0.520482480332946,0.00229891255399457
"1084","HCAR2",1.8096597596457,3.03528631854015,0.000115769215311488
"1085","KLF1",1.85920160308116,-0.61784684608812,0.00558323505919993
"1086","MATK",-1.34680395097014,6.56255396271749,5.87731080405555e-07
"1087","EPDR1",1.59468815585916,0.850174646921869,4.11185697272954e-05
"1088","SPON1",-1.44665028382394,2.40106438270406,0.00527369103790815
"1089","VSIG4",4.67919017997917,2.70262256418324,3.55276023222034e-16
"1090","AC011043.1",1.81272724324901,0.374031647808782,0.00253901126175448
"1091","TNIP3",-1.86310546779309,2.70304302717544,0.00243116368525942
"1092","DOCK1",2.06770061960713,0.224112286513943,0.000203515286824255
"1093","BEND7",1.74193529015532,0.751970716692354,0.00217285957543653
"1094","LDLRAD3",1.9586814992733,1.59364196853748,1.29984983124185e-09
"1095","PRDM5",1.83045511467599,0.8067019011632,0.000614598925583571
"1096","HPR",3.22578714432577,-0.721570136122756,0.000896110588778382
"1097","CITED4",1.06949059913573,3.22685306187411,0.00199870575512417
"1098","PNPLA1",2.11625957170629,0.764867566313736,6.69401603028425e-05
"1099","LYVE1",2.32309765051055,-0.803854997461882,0.00428744825740679
"1100","DERA",1.08610846639169,4.55733600628854,0.000317417578232108
"1101","LGALS12",1.77716782112158,3.36587759457535,0.00211282011565922
"1102","CASP5",1.37064629230244,1.92591741093514,0.00100459096786046
"1103","UBTD1",1.82931136213843,3.11139631257302,2.01381049965904e-09
"1104","SLC16A5",1.36549652286594,2.84721128080239,1.65719863959715e-06
"1105","SLC16A14",1.67895192150755,-0.395532999358641,0.00408336326009821
"1106","TNFSF4",1.86182520284831,3.13430213670126,2.61165178188775e-05
"1107","SERPINB10",2.00561931667201,0.334986642677322,3.78858543397744e-05
"1108","FAH",2.68502195537306,4.06391650199999,1.42311741464164e-15
"1109","LINC00534",2.70175507029728,1.04399196967936,0.000589352358231808
"1110","AP1M2",2.26922241881912,0.666602861943162,7.11082341964864e-05
"1111","XK",3.17319826489494,2.75181741349623,1.58351216502334e-06
"1112","MMRN1",3.26063865788928,3.89575131700494,2.69631915234369e-13
"1113","DENND2C",1.29682415496231,2.10358080830974,0.000674916268913897
"1114","STXBP5-AS1",1.14511879709278,1.12540999494922,0.002536663599503
"1115","LINC01011",1.41290930497789,2.77128346808643,7.52264247655874e-05
"1116","LINC00671",2.53153371281639,0.687673782908452,0.000159629997077761
"1117","MROH6",1.07881122096373,1.81628097609506,0.000107065168360572
"1118","SH2D1B",-2.3290326517509,5.61730879164699,1.62089684197502e-08
"1119","KLHL25",-1.03253284867233,1.06441652538693,0.00796776359974252
"1120","GCNT4",-1.06071128424176,1.74329215642912,0.000172323364798874
"1121","RILPL1",1.01918317141098,0.914766111527676,0.00632609156650838
"1122","CDC42BPA",1.74102852937708,1.63636538506563,0.000146323866847389
"1123","ODF3B",1.10645127092365,4.75819108765348,0.00534916897532536
"1124","SIGLEC9",1.03914492549035,3.66476688527054,1.28859451837845e-06
"1125","ZKSCAN4",-1.07241604638198,2.32640879050874,8.37157075817013e-06
"1126","ADAMTS2",5.67370500399458,2.62036627774867,1.1569220889953e-19
"1127","AZU1",1.65973796232322,0.823842740346922,0.00351472459844385
"1128","HOTAIRM1",1.32415893628319,5.52726807190891,0.00195127985175361
"1129","SERINC2",1.87574094607546,1.72992580944315,0.000363371549449277
"1130","SLC22A4",2.23916805538211,2.54767618631049,3.86518256908828e-06
"1131","ALAS2",2.87021842423763,0.735744574929406,0.00538260607664904
"1132","PEAR1",2.17622561680423,2.05474660090991,0.00182062766248023
"1133","SLPI",6.66670838344343,4.82544816429211,2.18327889512252e-11
"1134","NTNG2",2.27161862546823,2.21372938748636,8.8113678953691e-07
"1135","KRT8",2.02235089517653,1.03375101312917,9.12801772039462e-08
"1136","CA13",1.00686638066195,2.06757456985109,9.72810979223143e-06
"1137","OSBP2",2.49067347957382,1.84165097082564,3.98589734832696e-10
"1138","MMP25",3.73729589259687,4.93375899204352,1.68258122547776e-10
"1139","SMAD7",-1.37054726905165,4.36721439917477,7.00594363000653e-05
"1140","BAMBI",2.46042706180982,1.04415821379929,1.22238975607938e-10
"1141","CACNA1D",1.55333620655308,0.047574933369588,0.00150309725173681
"1142","TAX1BP3",1.33548235004545,3.61065535693575,0.00428920877469771
"1143","CMTM5",3.4387424430085,6.46541966362764,0.000109077525160825
"1144","TULP2",2.08041766287233,-0.37192624446873,1.83215374220641e-07
"1145","RORC",-1.02300456845831,1.63026503995206,0.00541596170518757
"1146","CRYM",2.07599333632257,1.35163175823306,7.37136139496996e-05
"1147","GPR68",-1.28276487941459,3.01426837274287,4.72031553863251e-09
"1148","TBX6",1.05938207253576,0.596192420838262,0.00290763746161144
"1149","LIN7A",2.67819624348858,3.16488567335714,2.36367486532912e-11
"1150","EPHB1",3.69170554654613,1.49516982797192,4.45312182235744e-07
"1151","BCL2L14",1.16492536546299,-0.0897251219950119,0.00814622536659214
"1152","TSHZ3",1.32176599926159,2.88249350937602,2.85259535432932e-06
"1153","CA1",3.83218793909643,1.10627846184813,4.9487520137068e-05
"1154","PHOSPHO1",1.91733103094265,1.95473343057723,6.18077665547927e-05
"1155","ARHGAP8",1.5130461521782,-0.0358596560670001,0.00359250692788582
"1156","NXF3",3.30638577257618,0.00189621288645404,0.000302806113745484
"1157","PARD3",1.79869949854248,2.05972060831722,0.000329888286067777
"1158","TNFRSF18",-1.60957110557135,4.42630547243527,0.00194149725327148
"1159","TBXA2R",1.80841361039019,3.91553284484297,0.000222048311776616
"1160","TNFRSF10C",3.83978903236044,4.77939002061629,8.36447965506995e-08
"1161","SLC6A12",1.51089491572476,0.282794451362229,0.00855826457086975
"1162","MGAM",3.27091741710794,4.48590315358865,1.00014178152192e-10
"1163","ANKRD34B",4.32412411143547,1.61056104509196,4.07046320092364e-09
"1164","ST6GALNAC2",1.52074759741774,1.97916268511605,0.000233669608945213
"1165","CENPA",2.88198956679427,-1.34659429626043,1.65996685806448e-05
"1166","C1orf109",-1.04360532439529,3.42698667876356,2.0449005516207e-09
"1167","DNAJC27-AS1",1.21286032127169,1.49497681919174,1.74968601560538e-05
"1168","IL13RA1",1.26105859244859,4.66931910865801,1.01917054487779e-05
"1169","GATA1",2.77904167546858,2.85809017549746,0.000156010169603632
"1170","TMEM17",1.61074689431153,0.223428469376607,0.00102303238146584
"1171","MND1",2.34768813212898,-0.701293241066284,1.05697873045874e-07
"1172","CYSTM1",2.22002405281973,5.91081911575541,0.000361503837089014
"1173","LINC00211",2.86652037598393,1.37269809818617,1.47002736182392e-06
"1174","C1QA",2.49426360835739,3.47561642415805,1.76244689574531e-08
"1175","FAM20C",2.37628150098491,2.97198832594289,1.07477934174187e-06
"1176","LINC00968",1.61879154749188,-0.579042568675458,0.00473646491596859
"1177","STON1",1.15676949170544,1.21166774880018,0.00310300978166592
"1178","PTGER3",2.35245199980082,0.151617960155274,7.24132522656655e-05
"1179","MIR210HG",2.15205983422716,0.533113113197594,9.63768083327937e-05
"1180","P2RY1",1.89966125356228,1.95742283383061,6.72667110053513e-07
"1181","TMOD1",1.84559767662018,0.581943941594315,6.69631603956484e-06
"1182","INPP5J",2.49798559147717,-1.73524430480371,0.00729975638181163
"1183","E2F1",2.08382811564734,1.43989121040698,4.28414507536093e-10
"1184","HES6",-1.26471923468193,2.80913388564578,0.000350664192962778
"1185","CCDC151",1.45770953860885,0.91267394053704,0.000429276162802665
"1186","SLC4A1",3.50030983824075,0.406864380027409,6.63833088202818e-06
"1187","FAM27C",1.65620898415869,0.760732115843993,0.00138759211449837
"1188","HLX",2.78373518203368,4.03328263835424,7.11284259465627e-19
"1189","TPST1",2.3743565983229,3.76079252906106,1.22283857285766e-06
"1190","C4orf48",1.4127738561646,6.50876455896137,0.00745565694462045
"1191","CREM",-2.56807065554116,6.9846713684544,0.000304740523215719
"1192","C2",1.43137804160035,0.966686455464375,0.000139923083990004
"1193","ZNF385D",2.05021659764286,1.14783619389137,1.31016193221623e-05
"1194","NINJ2",1.2652017878373,3.50805294287892,8.2025342812123e-05
"1195","SEC14L5",2.09410544465173,1.30852697348656,3.14263303795721e-05
"1196","KRT81",-4.72784225724488,3.02681193541842,0.00014460862600032
"1197","PINLYP",1.23727851082881,1.22817858383576,0.000103039817480507
"1198","ADAMTS10",-1.33935612398231,3.3633147476705,3.99870680663518e-09
"1199","PIP5K1B",1.18767110929967,2.6395887654769,0.000694248513016351
"1200","SLC5A9",2.36936935574827,-1.15155168614894,0.00102928971275655
"1201","ZNF467",1.87858458425613,4.58549416385003,5.06261755829882e-08
"1202","GPR42",2.67870530500377,-1.22574774183926,0.00506854749602564
"1203","SARDH",-1.08484803587765,2.10198816828255,0.00161527802348848
"1204","ANGPT1",1.86841110593193,1.43929540146445,8.01399803867172e-05
"1205","TTLL7",2.55711479371405,1.62587513515452,1.93678500176216e-09
"1206","ALOX15B",3.05482383668435,1.85516193109091,1.30173649029284e-06
"1207","ZIK1",-1.022964164887,2.2582188128063,4.20623817014411e-06
"1208","CSF1",1.26196003908652,2.07921388250796,1.41050708531054e-05
"1209","CCL2",-5.02544810673041,4.98817406035309,0.00268600158039421
"1210","BATF2",1.98771024164149,0.570344578774234,0.000446624429102873
"1211","PON2",1.79496356439628,3.55560682123414,8.71117723284431e-08
"1212","EVA1B",1.42379374269329,2.36908560443675,1.90635220148239e-09
"1213","IL27",1.60935684663922,-0.225321641146677,0.000982104748652493
"1214","ID1",1.76797039857857,2.97933842881779,0.00449332555492467
"1215","SAP30",2.71896740898141,4.09049905602291,1.39653671862171e-14
"1216","ACSBG1",1.13403856224185,1.6310297611527,0.00215881941443904
"1217","HTRA1",1.62034686792457,-0.10231710436387,0.00203955377185918
"1218","PLEKHF1",-1.39937618323165,4.99898695701837,2.01450565134304e-05
"1219","FNBP1L",1.7353635288702,2.35609143140124,5.29974969690503e-09
"1220","EDN3",1.58808139097263,-0.847198278329264,0.00251733348610337
"1221","LRFN1",1.1570116351188,2.17338553343571,0.0027382153388792
"1222","NUDT11",-1.53831702669488,0.671203999644161,0.000613977919289659
"1223","SPRY1",1.99601637844378,3.08166855167491,2.54241770892636e-06
"1224","VIPR2",-1.6947541574873,2.24203748617535,0.00843253523891697
"1225","NBL1",-1.33032689490629,1.7970276455834,0.00403985291853471
"1226","C10orf105",1.61782161175249,-0.525484011488949,0.00571060645393426
"1227","RAB39A",1.21398812108006,0.284430105958845,5.79022211835525e-06
"1228","NGFR",2.3431438949651,0.119723853767864,2.46781341785917e-06
"1229","OXER1",1.92033477944688,0.322677754796797,0.000279825968739525
"1230","AQP10",2.83295695711214,3.01975292323339,2.52095497386863e-06
"1231","PFKFB4",2.13138881217807,3.72284553672192,2.51246099212331e-10
"1232","RASL11A",1.02851612236238,1.67447992578383,0.00130824141017006
"1233","AATK",1.91436034705887,2.32483200710323,0.000182148154274373
"1234","ZSCAN21",-1.05444187241202,2.0846981763197,1.40454162289684e-05
"1235","ALPL",6.02723515440661,5.55932229634803,7.71127017562726e-12
"1236","HIST1H2AE",1.8211491680034,3.82680640614445,1.81708740623528e-05
"1237","IL23A",-1.94824450255796,3.10851106516133,0.000450147291837989
"1238","HYAL3",1.55952260882627,1.21150383908545,0.000128933959526251
"1239","FBXL13",1.46348930422633,1.06303389813082,0.000197332225634988
"1240","STAG3",2.57588995578343,4.79573834367197,6.82694649291006e-11
"1241","MIR181A2HG",-2.32419232925592,1.5506077838239,0.00149618473218304
"1242","PKD1L3",1.69164549959055,0.138078002248531,9.47642040632855e-05
"1243","RBP7",2.01057991369157,5.49123892013093,6.10587515206495e-06
"1244","LCN2",3.53254620875288,3.60689209220495,1.44975837590783e-05
"1245","FDXR",1.04047605594046,2.59665986199579,3.70670263899083e-06
"1246","FUT7",1.62020761300282,2.82095458754196,7.2971570043133e-07
"1247","CAMP",4.82741367253275,2.6241268169344,2.99401655899178e-16
"1248","DACH1",2.05680882508094,1.23297601343444,5.82911634351317e-07
"1249","MERTK",1.18336331531803,1.33404537259007,0.00406794883136248
"1250","LSMEM1",1.97168653394065,1.13731078141664,4.43036512640426e-07
"1251","SLC24A3",2.0549706007375,-0.073820571744782,0.00333446538831102
"1252","RGS6",1.79358425868951,2.38166122145885,0.000471517091033857
"1253","SIGLEC11",2.04592069537785,-0.575982859353455,1.18816602302592e-05
"1254","IL21R",-1.76907127557021,5.06523406668135,0.000675794688928145
"1255","CHI3L2",-1.21743435538334,4.44754031404096,2.73494580932584e-05
"1256","CLDN5",1.96982891645388,4.24884003444936,0.00326745575023357
"1257","EMILIN1",1.26421406872149,0.0305828627219929,0.0084899990788938
"1258","MMP23B",-1.42168144008263,2.59755396825925,0.00607029093003317
"1259","OXTR",2.09962243929854,0.940531427394795,0.000596852745919179
"1260","LINC01001",1.96439046154491,2.81375505466714,6.4316932913763e-06
"1261","TOX2",-1.78580733128868,2.49933502211873,0.00367650115415394
"1262","JADE3",1.97663479442621,1.18532935432417,2.96323668358549e-06
"1263","CMTM2",6.43295261825757,7.12772611206451,1.35297374437639e-14
"1264","HILPDA",1.78676005454824,2.36449691202405,0.0002889501704913
"1265","GRTP1",1.32741947646783,1.02453417153293,0.00394555623303817
"1266","FAM71F2",1.32992028179582,-0.565361509473279,0.00743330792667003
"1267","ROPN1L",3.92136026073173,3.40736045440705,2.66660329587698e-13
"1268","FFAR3",2.34782349917249,0.396377886736399,0.000256523229119233
"1269","CLDN9",2.52115395871634,-1.50330832038196,0.000574885033249218
"1270","ANG",1.90039682474113,1.16634459475888,0.000223783891534177
"1271","TMEM38A",1.41358546836482,1.37573481367152,3.06080115246779e-09
"1272","CRNDE",1.80311197065724,-0.47542521234792,0.000457608788109871
"1273","ANKRD9",1.4442873092061,2.39525004838479,0.000606007032632946
"1274","INPP5E",-1.10573885570944,3.27073239765714,0.000111321821219365
"1275","IL18R1",1.39796479639898,4.98980244511113,0.000140948672056404
"1276","LINC00920",-1.45119175457439,1.95618103259227,0.000123247384057904
"1277","MICU3",-1.34880228826929,2.02614765650405,5.27644931349702e-05
"1278","MPZ",1.15791339370642,1.64432032819572,0.00202877014912643
"1279","ZDHHC19",4.97146240320372,3.84121818713771,2.61758518327207e-11
"1280","SLC22A1",1.52390342193992,-0.0143241314358462,0.004827994082487
"1281","MILR1",1.0834144488169,2.36929782782258,0.00177160700931888
"1282","CRIP2",-1.16187707714503,4.02751456518921,0.000219565617623016
"1283","UPK1A-AS1",2.47939119478607,-0.517447380002595,0.00186648880433367
"1284","SUCNR1",1.82057887007059,1.15401459865283,8.25870126392415e-05
"1285","SIGLEC14",1.70947215058541,2.81467604491977,2.30121721079136e-06
"1286","SFN",2.20335162218616,-0.362573802724751,2.99830581600134e-06
"1287","GDF15",2.21012789992043,-0.347193222775599,0.00134677713470875
"1288","ST20",2.61000313571417,3.92529470474117,3.89986802897758e-16
"1289","LINC01133",1.62890111283817,-1.36929926817847,0.00806423780488088
"1290","TRAPPC3L",1.85360164528022,2.35879686389386,0.00617712181015184
"1291","DAAM2",5.83189101644978,2.59541910357418,1.76231496245609e-07
"1292","CYP2F1",1.5254109988476,-0.222153263708341,0.00177542194854685
"1293","DSC2",3.88166767424339,3.84135133541293,3.25048551785002e-15
"1294","NCR3",-1.21364787250695,5.48123400983428,0.00342932414614327
"1295","GAD1",1.95726075325145,-0.825906260936844,0.00231679823126838
"1296","HTR1F",2.58057386789342,-1.36990368016774,0.00280599816647631
"1297","KIR3DL2",-1.48024067551774,4.14990990747269,0.00777207746766512
"1298","PLSCR4",1.88112186729983,-1.20351603749708,0.00293628058986378
"1299","AREG",2.77755321936812,6.91791042980472,0.000351124566590024
"1300","HIST1H4I",1.51612803318283,0.302341015331,2.43800705407344e-05
"1301","IL6",-3.77569503867392,4.34683411625105,0.00136238002905897
"1302","VPREB3",1.17827784892538,4.20661351985694,0.00631024309722366
"1303","ORM1",3.58752038484786,1.27097879679073,2.34344451936102e-07
"1304","METTL7B",5.32752382890945,0.679738877898385,9.6172072801625e-18
"1305","TMEM45A",1.59627063378807,0.812276461811147,0.00625122044506981
"1306","C9orf66",1.76340805429423,1.4152286789432,9.12012356369427e-13
"1307","CAHM",1.27879904101788,1.57484281120247,0.000192157087837914
"1308","HBE1",6.08703252999458,2.33099936165848,4.39675400069923e-12
"1309","F12",1.13080124850608,0.546227607426875,0.00330144265684456
"1310","PID1",-2.83689131911043,4.39256935113265,8.48085022673471e-06
"1311","DBH",-3.02083655231615,0.463881389688574,0.00108941903894061
"1312","OLAH",7.33132955979184,4.16905595969336,9.99171223026728e-13
"1313","CCNA1",3.5058113592835,-0.367769968870931,4.91698703303847e-05
"1314","NOV",2.27117025179073,-0.495867722292871,0.00600597020608397
"1315","PRKG1",1.72600913820916,-0.241446800236283,0.00666664312284765
"1316","FAM151B",1.51436124254518,1.0678438540496,1.26895380787179e-07
"1317","AC009506.1",2.09373168128021,1.75389017622081,3.82713620988305e-08
"1318","MSC",-2.34973620523158,3.25918125708326,0.000466381927213915
"1319","TRGV10",-1.30483973160836,3.77473133778161,0.00301109171022951
"1320","HBQ1",2.26833882998852,1.90553368288371,0.00192773145355189
"1321","FAM177B",2.17522011245052,2.07351861447692,1.85056643727006e-07
"1322","S100P",5.54997291259326,6.57130404394021,3.95312672775342e-19
"1323","CEBPE",1.20969661302151,0.82600655112774,0.00665879091557692
"1324","GPER1",2.52718348643216,0.541043000519963,9.01755319332867e-09
"1325","RSPH9",2.30606108755124,1.41970235770753,1.24377328302094e-05
"1326","MRC1",1.15700419845037,-0.119585766527808,0.00516932016730049
"1327","CCDC148",2.29167891290383,-1.61445926284058,0.000636762463061047
"1328","AMPH",2.36690525382026,1.51106133034038,0.000218549099429918
"1329","DBH-AS1",-1.91921810183226,0.528430745656656,0.0013569884776449
"1330","FOXC1",3.64391272734342,0.381083783922692,1.07395636864137e-06
"1331","MMP9",4.89002552346243,5.16214414049434,4.59058206734774e-12
"1332","IL9R",-2.32071435094983,-0.240200841704641,0.0035141174970572
"1333","RSPH1",2.18389205089522,0.327260754609436,9.15791866002622e-06
"1334","DIRAS1",1.94405864258547,0.32610895132717,3.06289187653231e-05
"1335","MAOB",5.14596776916463,1.86345134748619,7.41638077250162e-11
"1336","ARG1",6.38727371838397,4.135977572993,5.97042863320439e-16
"1337","WFDC3",2.14087739650128,-0.479062623158188,0.000110839657648472
"1338","ICAM5",2.22321898260451,-1.14839528375373,4.36353213984316e-05
"1339","LCN8",3.65413675699149,1.03686177553428,9.53639087857351e-05
"1340","SMIM1",2.9333637373861,3.10548010143271,3.94481765553892e-06
"1341","TDRP",1.72954138026581,1.46896896152685,0.00132726057620171
"1342","EXOC3L1",1.66867943453637,0.0978680167838933,0.000329507630555076
"1343","CLCF1",-1.03941097256918,2.67257812921227,0.00556164317469198
"1344","CETP",2.98387308946067,2.09109129916636,1.3660831892493e-11
"1345","HMGA1P4",1.31013080009285,1.31358582522248,4.78588940325004e-05
"1346","BTNL8",4.11688300923554,2.03547207247709,7.65399732087123e-07
"1347","FCER1A",-1.95005131807431,2.67167085133399,0.000172434353334137
"1348","GJB2",-3.46464151863208,-0.554260492855363,0.00801861918712487
"1349","DNAJC28",-1.16149257459922,-0.110741878631451,0.000597714144971684
"1350","RAPH1",-1.42253862428225,1.55566945746687,0.00581231819743873
"1351","HPD",2.19063356786194,-0.788771094363901,0.000784749517138382
"1352","PLLP",-2.41406328174066,1.70735381638878,0.00382512378009342
"1353","CPA6",2.01297279977376,-1.63129341468217,0.00814656738629602
"1354","TMEM255B",1.42847912858106,0.673458578005179,0.00820771324034509
"1355","ELOVL4",-1.33950117026017,0.938790356716156,0.00162044630488067
"1356","SIRPD",2.32394545415512,0.81806197745223,1.54951454133076e-06
"1357","LINC00482",2.17572157032648,0.686604873359824,1.07922734457037e-05
"1358","FKBP1B",1.42305945681689,1.36843916808594,2.01508987114384e-05
"1359","FAM69B",1.58549846234538,0.610474401531214,2.73116260537142e-06
"1360","VMO1",-4.35075134736623,2.89259248062484,4.35350915985413e-11
"1361","MRVI1-AS1",3.09156442943245,1.77604466218573,3.49943925012064e-09
"1362","APOD",2.71116578407679,-0.124445190143462,0.000179321542419909
"1363","NMB",-1.01711818876518,2.46255834374989,0.00224234825325512
"1364","KHDRBS2",1.2106498267117,2.0275913349246,0.00169352757699218
"1365","TRBV23-1",-1.73283417881705,1.37090026835125,0.00559785699041217
"1366","LINC01023",1.66033090728788,1.08321208734471,0.000444068879786208
"1367","ZMYND12",1.28636566038615,0.700821125273956,0.00147777497256052
"1368","C15orf48",-4.45506136735206,6.00488599053706,0.000643323189491519
"1369","RAMP1",-1.95494112381114,4.24047404513125,0.00660006933804683
"1370","NCR1",-1.08447888126839,4.3837003580024,0.00010245026535031
"1371","CHST8",2.98790741064029,0.92262424021647,5.02057644358589e-05
"1372","TNFSF11",-2.15349661977475,-0.362542150950544,0.000960803842264449
"1373","ESPN",-1.95523605228794,0.385444535584733,0.00673462848170978
"1374","IL4I1",-1.68686455676163,2.16407197174975,0.00796165929208603
"1375","RHCE",1.20207697501023,-0.323525370117292,0.00234311565730362
"1376","FGF13",2.77652582188682,-0.876526405030981,0.00410628585115617
"1377","CCDC3",1.93175117125368,-0.702822010194152,0.00123885702438745
"1378","HIF1A-AS2",2.13620370069998,-0.701553971565081,0.00107538308786181
"1379","B3GNT8",3.5095086945494,3.32013354488779,7.71271723675264e-09
"1380","PFN4",1.85207357693532,-1.20682629874583,0.00474848082461191
"1381","PPIC",2.70933991475812,-1.2711126367198,0.00548894191050246
"1382","RAC3",-1.91608967640656,-0.20218240566267,0.00510370593136777
